scenario_id,split,split_seed,split_index,scenario_sha256
train-7-001-4a0611d164a6,train,7,1,4a0611d164a6cab751e68d7687263b2fc545aa3876d116fb5c30a9251460d0e8
train-7-002-316061b8f8e9,train,7,2,316061b8f8e94f222d30c3f48720d6694601ae172df95b8bcc2656cdd1af0763
train-7-003-09f9a03d3aae,train,7,3,09f9a03d3aae6686d5e40e1beba999d69d3d89200ddef11d11dd4d230533f08b
train-7-004-788b66117d9f,train,7,4,788b66117d9f0ee1940099813ccba79dfe0ac15768f48bb5535d26fc07dfcdc7
train-7-005-2671a15f4d36,train,7,5,2671a15f4d3651c1bb68a4d705ebb5681644c18b2b20cf486d5960d4d65179b2
train-7-006-324f16544d58,train,7,6,324f16544d58082241972b256b19b9e61ed421db22d853202a9be231fc22299f
train-7-007-ef4c82db36e9,train,7,7,ef4c82db36e9113a5b1c6bda772d6bbfea0e37911f03085861f0dda55c815466
train-7-008-661dbbcf2703,train,7,8,661dbbcf2703f7e00b1e9b29e488330336d04d0660fe5ac47d05e92dee32e4f1
train-7-009-9b88b800eaf5,train,7,9,9b88b800eaf5aa47c14166b23c4664232fffd664e9a60adc2ecbf171474aadec
train-7-010-aabffceca44b,train,7,10,aabffceca44ba5eed68b6d77170142dd8ee83801c09394921722cb957e3e4899
train-7-011-87daa49932e2,train,7,11,87daa49932e2cbdef5d4b0775af0a76d9f6f14960ffc07c532a12859cde2c790
train-7-012-56a8edd98907,train,7,12,56a8edd98907f0a365efad95337450da1d99c576084d9c7a580732ad9854f16d
train-7-013-cfd7c51ba322,train,7,13,cfd7c51ba322322fc6e42873413a1468e454cbb6bd85187a96caff534ee574df
train-7-014-ae1acec09df0,train,7,14,ae1acec09df0c0b7a37b65f543d701c3a0a080013af498801cb4fdb81b5f9b41
train-7-015-26cf997f89c4,train,7,15,26cf997f89c4dcfff86a650a8d07813d0743bd8a0d3f296200809057cc4de9c2
train-7-016-15adea228bfa,train,7,16,15adea228bfafadfff6d4c51a2c0038992696ea2a4438734e7661160d59c7079
train-7-017-7809f4aa8ef6,train,7,17,7809f4aa8ef610bc95283d5e9928bbad04b1ce8aca55d5dc43a2ab996d8563a1
train-7-018-f4e4e0118280,train,7,18,f4e4e011828021e84a1abb0b0090b6a2e800fee800e71d2ebe915543a40307a6
train-7-019-0e91e1c7fa8e,train,7,19,0e91e1c7fa8e6d62c94d63a39d5d761dc31bb197e8714d585b38c38c6ed2ab84
train-7-020-3856c33648a9,train,7,20,3856c33648a94c279029056b0a71276a5b571c7d310f96c782e15edd061552ca
train-7-021-28b1436cb416,train,7,21,28b1436cb416394458c72ea8ee90b6cf92a0a0d60509f8c205af7ca842ea8e25
train-7-022-fc2f8a586e50,train,7,22,fc2f8a586e50cdd677242beeb77110f497dce0b6ed16c5590e17652f62d8ce54
train-7-023-405512bcd6d3,train,7,23,405512bcd6d3fc77b319410d953eb3779335f11f891ce13423a365f9a62da2bf
train-7-024-3e0642e04cb3,train,7,24,3e0642e04cb31ed05bf191ae86bd5e97c0a18af1667bcdb6ed2316beec45a0d1
train-7-025-ef9a8ee9e787,train,7,25,ef9a8ee9e787edd3390d28438b560c01f00a6bce2b67872735397401146b7ff3
train-7-026-47ce4015dbd6,train,7,26,47ce4015dbd696e8c08baca348b59c4d1599ced446d0cc5384e502fc8005af96
train-7-027-6998a96638f5,train,7,27,6998a96638f579377dca0e5d229d153e2f1c6537e17e292da46f62a8235bbf62
train-7-028-7ecd4fdfba66,train,7,28,7ecd4fdfba660ac8493452ed31363035b293da835f1c80501877f086e3e9d012
train-7-029-fcfb978f1cd5,train,7,29,fcfb978f1cd5620e13c73fd1df10532af0c24b4194cf45623a613da8e02f1db0
train-7-030-4e7f9ccf8010,train,7,30,4e7f9ccf8010aa14c7adde4281ece3bcfe1713fcfc5f63633d5c32707091d907
train-7-031-19df5deea2fd,train,7,31,19df5deea2fd74464c1cca6528efc427709d7837833834ac33f89f6af89e6feb
train-7-032-103622494539,train,7,32,103622494539aaa41f8e0c098291e95915053cc4b54c73e5cc8a44908355d2da
train-7-033-56dc38db6d7d,train,7,33,56dc38db6d7d0e39f6404ed3c0fd7644f00ff4b0649b2e5a87dc663b1ec0c8dc
train-7-034-a0cdc3d2f5bc,train,7,34,a0cdc3d2f5bc8f723e9f840b30d6b4f9f420087659ba89dcb9f6c58fd656d1e0
train-7-035-c35f27861d72,train,7,35,c35f27861d72ab228934fb55ccf2c01501e11f509fff2538c3b926ab6ecee670
train-7-036-48c178356ea3,train,7,36,48c178356ea31f19704e48cd0c0b675b41bd587e0756ad5ccc0d8fd5d8cc67a8
train-7-037-7b26f3247fd4,train,7,37,7b26f3247fd4ab4517eac7f7d796bcce4e7acecf31367c1cef865a73ae77a6b1
train-7-038-4bc09e298bba,train,7,38,4bc09e298bba74ad13143d74bf9bb460c76f2f143d5801a26b2e3b58b324c660
train-7-039-fab098a8e4bf,train,7,39,fab098a8e4bf50fef45e371ebb094010528b3c8a22ac09076c03daa60de14b51
train-7-040-28154dc7d8d5,train,7,40,28154dc7d8d5266184e755264b00660717249cf9f4ff666729ff6b4cef9fdcd5
train-7-041-fa1762b3478a,train,7,41,fa1762b3478a33a0ad69de31c68244968b1ea1ebef231c4b1dc44d60167e2a6e
train-7-042-986fc8f8cc2c,train,7,42,986fc8f8cc2c1c6fa3e0bc7783761c49d8b18d83d047059d7c56180d241df1d6
train-7-043-52c73bf7d653,train,7,43,52c73bf7d653ceb5a429a3615598194e8f8a21b41a12f7ca5b3864dd3ace1ba9
train-7-044-eacd78b967ea,train,7,44,eacd78b967ea986952fb8d14185dc24872161e099f63de676a2e7c54c8d9ece0
train-7-045-d9fc6157f744,train,7,45,d9fc6157f744489e3a4ef7bbc97b4c938791388869137549e87d28f2bfdd34af
train-7-046-c4174f5f3ae5,train,7,46,c4174f5f3ae54ede7b37bab5941cb50e957e1e07ac875a20c7c6e7080b452d6d
train-7-047-e918f8a42473,train,7,47,e918f8a424733399704212d8aec10c3e090c6cb4c48d25901ee156fb3e5d4caf
train-7-048-dba4c4925270,train,7,48,dba4c49252709b15c2de45b7241917660dbfe53aaaea0d006bee9201ca1a68d1
validation-50010-001-53bcdb35a31f,validation,50010,1,53bcdb35a31f6a1f5182c2bdc8285d44aa3c4d18fc2566559f0c9caf7fa3eac9
validation-50010-002-4960908901db,validation,50010,2,4960908901db5867cee14222c494328ec64598b641cc304df340c362add3f5aa
validation-50010-003-2586144ff4ae,validation,50010,3,2586144ff4aed879a64f6365fd5fae8c50cd22a9e238c91eb0dcf33f8ea26160
validation-50010-004-43796874edee,validation,50010,4,43796874edee45703ba7589a3f99f435387f065e673e5d9ce450cbb38fb123ae
validation-50010-005-854de35ff106,validation,50010,5,854de35ff1066b1cade06d25bbed3d623015d35179cbdf9bd30b17a7ebc6ab3f
validation-50010-006-5449e8d37a8f,validation,50010,6,5449e8d37a8f47733ab5387df715e9746c47f2ec8a8d6d063c7a872039c65c69
validation-50010-007-9dde4849ec83,validation,50010,7,9dde4849ec83d391c66889fd1cdec011e4a8c2fed6c8b3e67b316f213d989692
validation-50010-008-da995ed70536,validation,50010,8,da995ed70536f6a1241cf90bc0269fb7b98632a7e45577f84b0039db6f226b4d
validation-50010-009-4219d808da7a,validation,50010,9,4219d808da7a496353cf31bc5c8f2ac5ccba64f595ccfcf391ddfe31d39554e8
validation-50010-010-f2bf9ae64db4,validation,50010,10,f2bf9ae64db49d6e73fdb69f0fe8f59600fc63df6896290565b30a1f92919c93
validation-50010-011-5c66c11e1d52,validation,50010,11,5c66c11e1d525fd73e74417d53bc5ca93f80b855484978ef079d56f189ad8c96
validation-50010-012-116f91293920,validation,50010,12,116f912939207ea8656e74acabea8da470af9fe61b8a978d3e29ec460010f385
validation-50010-013-f6698be201cc,validation,50010,13,f6698be201cc0d3c8bfd8f9c8b06ea5977c180835930af47840ae44f46129422
validation-50010-014-96796c7874c0,validation,50010,14,96796c7874c0d0d96e5a0244be2c733f3eabc39c24add8215e65d32052a0e9b6
validation-50010-015-0b365feea17a,validation,50010,15,0b365feea17ac19cfbba764a7bdd18ba6e3398e86d6e70b8bcf3c7febc2d4705
validation-50010-016-d9682b08ea25,validation,50010,16,d9682b08ea251fecbb3842138fd2029fa1632480d23fe4f4466292003385b9f8
test-101-001-fc41fd445283,test,101,1,fc41fd44528368f044678a61caf73ee7b7751f1e070423b4f2e85ff975589363
test-101-002-973ad3281b2e,test,101,2,973ad3281b2e26fa59130bc5da935aa704dfa7fd3a07f351eed7498a3a5954bb
test-101-003-f318920b121a,test,101,3,f318920b121ad95a19e3664925326ae4e063e5f5a5cf637a49ef16c83c5b69e7
test-101-004-61b38049996f,test,101,4,61b38049996f41996858ca032bb719b931d2c8067501b6b7897b12835579736a
test-101-005-f123a58bf79a,test,101,5,f123a58bf79aabdc03884c677d6fc4f1138006abb0b8bb2baba03ad171b7a475
test-101-006-f5e237ca77a9,test,101,6,f5e237ca77a9d8e6ad8f1e8aa6123a0c05434643d8fa2f712b2398a59359a1dd
test-101-007-7d960e29f69b,test,101,7,7d960e29f69b057905122fd7e86c4d08000f61a670307b803fab135e9941db73
test-101-008-b41690e2df92,test,101,8,b41690e2df924e15aad058916a376a7331e03b2a7211d8131f401c17c395f8cf
test-101-009-ba7a7d941933,test,101,9,ba7a7d94193328e4047cd485bb2031cd674237c27f761bfe73154e4a3f4d9d19
test-101-010-d45deae7d4c8,test,101,10,d45deae7d4c8a714b64d456cf0cef469ca9772ec99d945f2ae69aa5c55ce4693
test-101-011-d6e0a6c6f2e9,test,101,11,d6e0a6c6f2e970dc4007f6f594907f475013e129753bd1b3b7c67649cfbed126
test-101-012-86063641cbdf,test,101,12,86063641cbdf718fcf6d8e7bc8db7b51f6cebf8a44e4afc3fddd220250bbe1bc
test-101-013-b3d92ce0f8cc,test,101,13,b3d92ce0f8cc5889edd84fbbc9137925834197ca720d7b7d600731d54d881b5a
test-101-014-7519d7faa0e3,test,101,14,7519d7faa0e384f3bdad7a7ddac7526645290f9ea374faaa8cdd441d7c8d0e0a
test-101-015-0b167d8fe9e2,test,101,15,0b167d8fe9e2c63944a50cbc579d353cc403b1076ae26cd1695695d1c74384be
test-101-016-10b9994c7584,test,101,16,10b9994c758457ff3cbd9e36e8e94481ccb439fe107ac09679cfbd5ed7b601b9
test-211-001-8933e0c49480,test,211,1,8933e0c494807c31d0475909a94b00248db563a08268bea58a9c1af20fc0f3d2
test-211-002-6388e2b91f92,test,211,2,6388e2b91f92d151cfa54dc2e4f8d4a6351f4390f9f3c56cebf92d369b24d2f6
test-211-003-75f7750e2a91,test,211,3,75f7750e2a91886d40cd0efeb013be8df3ba638a4e5e116c95d054911e5b9362
test-211-004-3bf85e113d8b,test,211,4,3bf85e113d8b66e17547f27c010a91393b9e10a7bb6d5691beff46c0cb59a5a9
test-211-005-d043f74d4ced,test,211,5,d043f74d4cedb2d0e98547df84128fbb8b1067d1788e21c7db97053933649d82
test-211-006-debf2e18c72b,test,211,6,debf2e18c72b9d6fa5bf2e804690ac2efaaf008e2e9cf8dd772e591c1585dedc
test-211-007-41ae817ed699,test,211,7,41ae817ed69997fe8a34ce9f5bcec21db378282aac3ba883e0ba1a7d190d01e2
test-211-008-a5f365cdc953,test,211,8,a5f365cdc9535a876e234302ad4dcdc653346490199fe355bfb9133eda8d1fe0
test-211-009-837b64dda128,test,211,9,837b64dda128496692499ec0d1fd3c6c1b5694334c08171f97c5c42c71520de9
test-211-010-1fdc1243b5cc,test,211,10,1fdc1243b5cc6275e19d3c1e087e56a48cca39feeed1853095fb122eb735610b
test-211-011-342869d8dc6a,test,211,11,342869d8dc6a1ac34b29690e74369ebd3822d351f21a669a9377c9ccc1c18aaf
test-211-012-7e1bc0d729ce,test,211,12,7e1bc0d729cea97d0071ad23f7c1d4ff8443a4c017544aa3b2f570c77733fd6d
test-211-013-48e63cc4fe5e,test,211,13,48e63cc4fe5e3adee02655b30d0c943183ef759dd2727eb8a3e7da0dd6054305
test-211-014-408a99351c42,test,211,14,408a99351c4202e354afd4c236570da75caaf4f66552c51cb6c130f9d7f88f09
test-211-015-9dcbf70aa127,test,211,15,9dcbf70aa127184c139771080ae9d4bd1d9fc4791d1b2306c96ba49bb94381d7
test-211-016-261fcfe6b89e,test,211,16,261fcfe6b89e0646bac4dbd18248ad9258afd59ad27c428ed6cbaa20df2b20ad
test-307-001-27bc00b54eee,test,307,1,27bc00b54eee5393058b58d1957e9a402d39d38de9502a6d681e93e082a060c0
test-307-002-e21e5efd24fc,test,307,2,e21e5efd24fcb6ff85eed22c7037cf6d7b853ccf48dba3bc0571dae3035f0249
test-307-003-21ee50cd15b5,test,307,3,21ee50cd15b5aefbec7051df94703164de0f9bba9c834a12898a10b9801869af
test-307-004-69b646dbe6dd,test,307,4,69b646dbe6dd2a00182733cc6f418110eaa9a8fdaad1dd55112a1d2b97fe7c78
test-307-005-f487a070b65e,test,307,5,f487a070b65ebfba375108c8e3fd1d1a5c1ef87983ec12de93ff686f0516fca6
test-307-006-a60fd173a190,test,307,6,a60fd173a190c9ca5bac0d253394eb929b53b2199f5d9ed03072507898937ee4
test-307-007-afb9f88ebddd,test,307,7,afb9f88ebdddd7644f0b580695b7a1d7ad0269cf8a02c64fcb13a87bd419d5c9
test-307-008-a9233d0013d6,test,307,8,a9233d0013d6e42b1000a07d271589fdc653860ce9ad52fe978ad3f91ad20d29
test-307-009-9e94b5bc7c9d,test,307,9,9e94b5bc7c9d8aa682ca467061138bfc15dae7d28616dfdf9da6e29a8237beb4
test-307-010-21d8a537b98a,test,307,10,21d8a537b98a5158de3d4944215b9face227fa869e1566f07d98fbd9b3f38293
test-307-011-b74760934df8,test,307,11,b74760934df84f9a191e8532e1d79fcb749cf16f90b778939d183d843a31af24
test-307-012-6885e51f7110,test,307,12,6885e51f7110f927579683116dc2cd6677524fada0cb3ecc0ac0165d977b2e5f
test-307-013-5204ad670ff2,test,307,13,5204ad670ff248c14f6723ae4adeb9aaf268f894490af4d8242e79efbeba66df
test-307-014-ba56380d4908,test,307,14,ba56380d49086e78946453bca966a29c845d0cbfbb26b14f5e0b5be2b7a2d9be
test-307-015-3503b475d0cb,test,307,15,3503b475d0cb61ae54ca9d88df0df40e9346f8c192f9b750863d91a945fce9ae
test-307-016-f2ef6b7c7c28,test,307,16,f2ef6b7c7c2837395b927ba85b7e37d0d307acc883a853111eb1920153dbc05e
test-401-001-3bb4e43dbf65,test,401,1,3bb4e43dbf658c61405d7bafa11a913f55b9114bdc66b19c480b340f80f814aa
test-401-002-ff0f02d00980,test,401,2,ff0f02d00980b0f6cfb16ad4ca4edcc3a5c1082cafccde76edb39f8095bc405d
test-401-003-26ab9d4bccee,test,401,3,26ab9d4bcceea1237c62073ea61a73519d56001dca1b68b076dc4d1766bffdbe
test-401-004-78a60b82ca34,test,401,4,78a60b82ca3410341fe230761386118d7b9c40421b3b9e48ba5e8498461a7435
test-401-005-a696e409911d,test,401,5,a696e409911dda65e403d8b72164caa6abfc21124c158d1bf9f23afb88a9c208
test-401-006-683fcd634109,test,401,6,683fcd634109754ba48cc021ff8594392313200eb4df2cbba32420f2f59efc92
test-401-007-7aeb3770a275,test,401,7,7aeb3770a275e0f76b3bba709f8302e20e787fcdc4c3e1de5c13bcf9825121a3
test-401-008-fd76f0a7c673,test,401,8,fd76f0a7c67391ac297675eba93b7d272247b3b39213ec91ab48ff88cb09075b
test-401-009-d6d220396255,test,401,9,d6d2203962555e12b0893752fdf353eaafe8097fc5f3c56e3b6d0f5e77c649c7
test-401-010-9b1f5e1e8a36,test,401,10,9b1f5e1e8a361e9a14ff824342d06eddbfdcfc8a39f4da3e556e39f9c9ebbacc
test-401-011-29a18dc863b1,test,401,11,29a18dc863b1081c9eb266953f8338892eb939727ac60003888ec9b3d7876643
test-401-012-ce418812a097,test,401,12,ce418812a0977a3e59b098c588f6635e8d9498236d4c8b1b3374dd5e79f0caa8
test-401-013-d1b3c7e2d247,test,401,13,d1b3c7e2d247f8ff0f29f54265fda49c88c494af19f40c76ff510e017ed2d81e
test-401-014-1419a6b63326,test,401,14,1419a6b63326a52cbc260a7d0c5f431927ce28d665aea6f85663d2372b1b30e8
test-401-015-cf116c4fdfea,test,401,15,cf116c4fdfead1a23987c92c3a32c3b92b0e730432cc65c21d60782c173a406e
test-401-016-01f3bd67b9f8,test,401,16,01f3bd67b9f84e16549e3f775bf253cabfbbf0392992a9422a15dcdc62916b3a
test-503-001-8cac685785ba,test,503,1,8cac685785ba4b15fefb6777302e928e5a81c9e67400d4506b3b8a51b124c5d8
test-503-002-9d8fca40f4f8,test,503,2,9d8fca40f4f8b4589e0bb7318d12a44366d44fdf97d333d57e62fe26b85c259a
test-503-003-b508c9ba903e,test,503,3,b508c9ba903e5a570a2a2d9c8a8ff022c967a87b8c95926ba3bef5546cb228a7
test-503-004-88002c914e8e,test,503,4,88002c914e8e9a1e0796673691c9377c66538e3d87b1933c10bc9733ab014403
test-503-005-a439ccb2b3b4,test,503,5,a439ccb2b3b480eb6b5732ba1caadab62231e3a813c45c1a38cc27e3876dbb3f
test-503-006-b591e8883f9e,test,503,6,b591e8883f9e941701b737d1fb9b7cea79384d7b0f0397f35509b9f1b673f207
test-503-007-87edfbef7d96,test,503,7,87edfbef7d96ff925d022a046a1d99abbd117aefe6b76920a57284e8c64ee7b5
test-503-008-24b2a9bfe908,test,503,8,24b2a9bfe908ce1f0912e99db954908cdf1dce8f385d22f4a7ec60fc7ad96ec0
test-503-009-2bed6a72b812,test,503,9,2bed6a72b8125a6e05f4025b3508c3d1dcc4b2620577a8cd5fa44688de8f182f
test-503-010-fbaa2d5cd7ef,test,503,10,fbaa2d5cd7ef80e9ecdf2ee3b3a0115724fe57b324825ee4234599ff8e5c0a90
test-503-011-adcb9cbb959b,test,503,11,adcb9cbb959b3de0dcd299e6d60950afbdb3244fb1f03f4c673fe083454b998d
test-503-012-8ef4cf3878fd,test,503,12,8ef4cf3878fde450081aa48163d63313aba873c6911a6c9bd12733a6198c4542
test-503-013-faacf6692b4c,test,503,13,faacf6692b4ca721bdef8e1311531e32d0cb9d0c8be5622340cba4d64bfd5c91
test-503-014-b9f54827098e,test,503,14,b9f54827098e42150b7e8aa8e6d3154f09d2044112d4f7f08386ed8235062ece
test-503-015-51c2c8da27e9,test,503,15,51c2c8da27e913a264c59d63f2de923b6d991fe07e1062c87d6b44aef9d641a5
test-503-016-1f2529dd9de2,test,503,16,1f2529dd9de28a028c8b27778963343fe349944c3d9aaba253a436b9dc942166
