outdoor_c,setpoint_c,absolute_error_c,internal_load_w,c_zone_j_per_k,c_wall_j_per_k,r_out_zone_k_per_w,r_zone_wall_k_per_w,r_out_wall_k_per_w,cooling_capacity_w,actuator_delay_minutes,actuator_tau_minutes,label_kp,label_ki,label_objective,zn_objective,imc_objective,bo_evaluations
28.74534112961523,24.566829124012713,1.3913807385383876,788.2792424984883,1108371.429106143,15975611.792443074,0.01074866457351859,0.008760420909527371,0.021789123563457462,8326.304534359904,8.976095614426988,9.845186128593728,0.2912444989388093,2.789561267327242e-05,67.07974610790951,134.8997429179408,220.4905380532368,14.0
31.429113207908582,22.768029276585974,4.202313547701248,1281.7868326570879,1945321.0880494392,13595018.074515305,0.013147028421226257,0.006064048513771639,0.02429016578834938,7648.342705334677,3.437698295453375,8.018503027214688,0.2355971226417744,0.002998855732584006,29.219135017854903,49.781536680373726,310.91550875115684,14.0
31.36473535779941,22.856586110332874,4.710692458251767,1433.1912770716647,2073844.046480824,20700678.816050403,0.008947062851563072,0.009914455894140013,0.03195960204708603,5719.135000057063,8.955339345049591,2.094545092157099,0.18492035330160297,0.0037479570224159065,47.056388440369844,68.46812716459775,297.84569497824435,14.0
35.786374177963026,23.160726951795247,0.6611185278872824,939.0380608493475,1647770.4274133486,12915610.210628908,0.017555267433464104,0.006031840435536642,0.022335313281635055,5796.254535115149,4.145705386825299,5.650780009051144,0.7260849766719689,0.004370663104893498,9.366143512555004,25.852055741382046,229.13769345193072,14.0
31.39872480100044,22.988176276772236,4.097413339519058,1265.690048264338,2070234.8070893167,12022346.527466947,0.010718115615428514,0.00931253878868046,0.01613435015624752,10175.598145707467,5.87419976059391,4.49096866404354,0.4432174371979435,0.002614380106852066,35.64235823661989,64.45505029163947,186.04885176805436,14.0
28.030230163205125,22.681455854130075,1.1190592553769996,329.92626206040575,2008133.77068578,15447315.70929991,0.008435342210861846,0.008356172354759338,0.027938954825631104,10386.86102512852,6.001137422434535,8.71557504847311,0.1154636077347383,0.002000974204305227,26.541844712462375,86.00624784850011,118.71690342672466,14.0
29.54056022293508,23.986209979378685,3.404729882652365,372.5207096942506,2038282.1788417022,21010734.54543604,0.016063912702157825,0.005190577631613185,0.019215261243145647,4671.610612362258,8.510682188096979,3.634043325703397,0.5133976288904347,0.01318281566107146,42.27999888168698,45.800796832351914,83.74505265415698,14.0
38.29902435836365,24.99733493295685,0.7362223638454495,1377.2746416691582,2865009.7153061964,15101787.338277865,0.015698090918854612,0.00455121608313744,0.017901098034803088,6555.756382128409,9.84703905549269,5.66537733757498,0.3796603654866557,0.0030185485586237465,32.899675817986335,47.02018902659817,361.2174781218152,14.0
37.62917027747869,25.381807507561152,1.0059550071955066,1282.1744880550327,2081824.2053042292,19151233.121502973,0.012337185315138536,0.007578381284363063,0.027298749636186802,4760.39846564982,9.341038854905992,8.80604504414422,0.40813853037971615,0.018677546432076336,37.63538892301416,52.33681568326145,367.4679104414538,14.0
37.01196198690152,23.301173254755074,0.8219328919906843,660.3283476362133,2530030.2930852175,10647131.12086358,0.00955218141576083,0.006664596434107519,0.02233305894749076,8423.566062851818,11.25540540755007,5.505071337322692,0.6330357742015967,0.0009017250524035088,51.817296167911195,57.05233042282017,290.5718284140031,14.0
33.067626270389994,23.216968083588316,1.5861973955204363,1810.181390674702,2636659.9626052696,9461115.49792147,0.0120056470685995,0.0069283951675868545,0.027765208095125202,6608.550128011464,9.523861357105865,7.398749020978943,0.6530797081235442,0.0050579737674340325,31.719660416304116,38.74425377890037,296.34495553440735,14.0
30.91375447362122,24.96248510350002,2.335228917647939,624.1678369960558,2786008.0323096556,14529680.68499865,0.010500125009029687,0.010339398665634603,0.028304151201528856,6363.697558900812,5.32703661472843,2.81894631938939,0.6496186400446676,0.0028587519021822183,21.955575621407483,33.68570446507586,106.73538670497375,14.0
31.343108367092384,23.880365943081426,1.1512577128433676,400.1221923697111,3136248.3959103087,9951798.788726192,0.011849165269627383,0.010484710380937498,0.01654382306765498,9633.264014180759,6.075484931737176,5.787268765605171,0.4061315135439156,0.0031841184632332804,15.472514652382388,33.159619193824646,249.88414970231116,14.0
34.32211601259911,23.490806510007946,2.228475236015292,1110.239627632237,2284846.2656035265,15545309.65762603,0.018489398374888895,0.004605013226936811,0.026849505413731253,9422.203586608492,9.121600700271655,5.279404857491982,0.22341093401430184,0.003178858569854026,18.789463098767296,73.63778612432898,296.26974530511353,14.0
35.561467899601595,24.65470686631479,1.47792029536377,702.1316488322371,2884232.3424667427,10648738.35349807,0.01107141370126674,0.008634564975148286,0.016927195293934376,9237.038449511772,5.250808504862684,8.80042761601559,0.641120445866445,7.079148926994341e-05,26.791454328414577,32.30596954082021,205.5315891449972,14.0
29.150811697877273,22.69950486632077,3.8728546598134734,1078.165212216868,1554998.2992832859,15548934.54834479,0.018384068348193512,0.009777226555811085,0.02476007151886739,5880.699578769132,8.75657065451892,6.147808046936833,0.19679980317288845,0.002955545302406175,35.69539267011762,67.82996027940574,171.91215185904255,14.0
33.83412256524271,23.638761056012665,0.13833851465093616,1773.7911242851612,2957763.015523169,9262957.723764963,0.01809559024420744,0.009366886376245886,0.024578544242866263,8774.807852056007,7.068694891805689,7.422530140094315,1.0339360082251672,0.07334134081532377,39.10319053748294,40.20370742505538,587.7163012023526,14.0
35.577250150922566,24.10599392664055,1.671655300746398,1261.2841969505132,1695884.2268200268,12945856.50632788,0.012218397395884876,0.006592147304267358,0.02063305634210085,6494.625208920246,2.7464802480767876,4.222796471880513,0.8187030668554314,0.006961816621038401,12.523501547510703,25.59469852665202,265.71049018073785,14.0
30.709208402296056,24.715300735577976,2.350959173418911,1481.2837502178918,2857018.0820628554,11110285.738448555,0.017804467169546343,0.008917078473223206,0.019411594211769714,6801.532870192017,8.573234087306638,3.600958502900605,0.6799861738931539,3.395031256284235e-05,27.46944084217288,37.046268786817464,178.05303983059486,14.0
31.5079553257169,24.677858371586588,0.35999372380232586,787.002488666781,3011987.9286691905,10761255.122846732,0.011848509350549347,0.008573357353122568,0.023615374742292833,5351.149237893671,4.3599649289552636,4.97638181998089,0.9982692345257348,0.00953652689649285,8.02303747590457,9.913349732806036,170.17179633918826,14.0
29.720486241343036,24.517554397552995,2.7948627888650854,1655.4339656118082,3020627.921593552,7537679.637131214,0.008784508939358142,0.009310325776932585,0.021917398617202367,8341.391889506138,10.948938443589125,5.549164731157123,0.30353077279447355,0.003489646505396936,26.717553936938582,55.05971869623333,213.0592391163328,14.0
35.7525956192489,23.15200975163773,0.27359009494955444,660.6509441930601,1269182.4751024845,21897066.4527736,0.01822375343252647,0.010151552854931002,0.026803925369328355,5506.563770144847,5.396387420723148,9.885350864758912,0.4797491654224782,1.4671207125017303e-05,73.14201104192756,77.4965375855465,307.9354851594907,14.0
34.059654457662276,23.798331147292824,2.7419585915584683,1169.7147408250935,1435528.7811755585,15887518.825834304,0.01766590469295453,0.007729745767175147,0.017319591424622405,6952.934893826467,4.4369644591873865,4.113785513176477,0.4111706504276958,0.003216026723172007,26.362418116646438,53.257111939146114,211.4680764875673,14.0
36.049588930449296,24.48752935784298,0.1360063957245643,1664.3429528238692,2250620.6603891994,9681424.39002645,0.019806358775417032,0.006039693274480647,0.020217699727254207,8576.275090470424,3.857185520418465,2.71712295270134,0.6265861061883338,0.004479907210313291,7.896246492784262,24.453205943112202,321.94790790063263,14.0
29.20612845958891,24.77932298919273,2.557295459487971,735.5406902082718,1731667.706189136,19811788.994626295,0.016105128665805248,0.008655707092989644,0.013751596547017492,5961.17545789721,4.849100019715659,2.6514331489689233,0.6324598482636625,2.0124238418375743e-05,27.10196685439936,35.35592807164542,111.61947343141411,14.0
30.79882506345668,23.34601683493779,0.28153236195446496,1830.6394336321482,2661718.4772313433,8487107.162851045,0.01554298624863884,0.010009361535633143,0.030520855947371157,9970.303075088053,8.50728887004962,4.477294460510744,0.46919897069945754,0.00010169690560956039,28.779525418775346,56.700391627867916,350.02253445246237,14.0
34.54429412716168,24.009747960150737,0.13889500310217784,1328.8535110745368,1353186.1846919633,19854089.3647049,0.018307997239533504,0.010365220222831989,0.03112857473630624,8175.992870953609,4.015634614520156,8.630072931187302,1.0788321823647267,0.0002073000284870151,61.911854753069605,79.07716808403298,331.8869919716744,14.0
37.03630064898259,22.55424960791477,3.406701348041583,783.869306991423,2293292.8198263473,9161870.059680117,0.018396844500952685,0.009927717958578854,0.026259267793449063,6343.0132646893835,7.781312470405016,7.150919418922392,0.6013060805042266,0.003255216018952584,35.81625670150264,54.284757909988876,192.19495333163036,14.0
34.37088924067704,24.130035501031728,3.2253128420855717,678.6963364215696,1429714.8725306182,8254726.525850306,0.019791201119195564,0.010013493829964745,0.024624101944780208,4650.50978265494,5.762646852809279,7.130433839687463,0.37054574954438996,0.0012309744298159143,42.823431934553795,50.132422057017244,245.62267831953463,14.0
38.69627347813095,24.555595630777688,4.27117646989927,1730.3019113632652,2408158.8562758463,16950827.29520469,0.016518264191979992,0.004794632558520812,0.01368050225805263,9824.767893816886,10.310967225303575,5.5772289285328585,0.531562872547584,5.609278906030231e-05,58.723730451518335,76.63064517187617,258.38170320171594,14.0
35.042341469761325,22.557855409195227,0.029323287244420015,1327.8196990314193,1950442.8277195478,10689553.947255416,0.015740340126833573,0.007671410815290939,0.013907500082595435,5653.232244198117,4.237019055542534,6.210880251196834,0.41211394335160556,0.006376126378080467,22.52965917133075,35.537793746893094,350.0252496517932,14.0
35.17072171951282,24.308256629044955,4.4569948711824985,629.7896103295086,1976076.3578082253,18651454.181053817,0.011923266641468692,0.00666000100754917,0.019800101657097096,4859.940199727213,6.692101813495091,8.910634751800618,0.983802130466402,0.017967008630815393,47.943486864110085,51.5428907142001,178.60429479781092,14.0
37.56903870557692,25.364076863222827,3.711750364587779,1757.6339852765998,2858467.9949615165,14642751.620378021,0.00913927370489343,0.0044835435750811715,0.025474621522246464,7556.4493316462185,4.392355909367873,2.381944543017961,1.0034555969553707,0.002993258891237289,44.5178619628487,45.02725171552742,359.79814304821366,14.0
36.36509496751036,23.79053083402186,3.839635224045715,609.0311016231458,2611556.0024110973,20730284.27283172,0.010505672722765702,0.008359802899305123,0.02678571164875669,4990.035867911716,5.262728836411326,2.47731243333207,0.9987926843504558,0.041682063409088574,27.96585408379542,32.98598663072601,185.53598741980872,14.0
32.40023263773689,23.05586596416554,1.5757400158490213,1278.4888313689762,2584376.6911627934,8324635.661046927,0.015697095856262427,0.007641938067418853,0.01507082414880083,8191.413801909279,4.965215920764578,6.475971499140223,0.6974631421709608,0.006416434008265846,14.229681730357951,35.6168494199069,208.1683458788263,14.0
29.06269845326218,24.567779041008663,0.885385843598872,718.4274278140464,2009989.5386352972,16595890.8749277,0.008929322010343804,0.0069750524355865744,0.030557067251163774,6630.792713311604,9.454781475284426,9.450418154899122,0.7115985531816741,1.0412960115849913e-05,35.283005799423464,58.91712892084934,183.29957035654564,14.0
31.645494240679408,25.29487664834823,1.9702362923711405,466.0081692734059,1426575.7979697343,9074173.016835742,0.012302810460300156,0.008895613851930769,0.017153214064787987,6227.59604311707,2.2238136597380924,5.610097530674779,0.7696295760068919,0.0020599024915218967,13.959104452020092,23.723975994081915,106.60896388338207,14.0
30.959834077271164,22.883167168344826,4.3214527988206015,592.7205815635631,2198146.9974600766,21355158.803234622,0.014804686691433842,0.004895136532661996,0.023536181651889053,7911.9521432076845,7.118224574598235,6.254916933140872,0.7618615520973085,0.0004874627806244859,41.235862106780274,65.57182696778794,164.61759056880788,14.0
34.62253487788189,22.592847408912363,1.4704822262425523,365.80197055509507,1798038.765139727,12674089.671083666,0.010112543933706565,0.008498205929091535,0.020784817853285766,8794.829007491457,5.714370832039608,2.4334453269541987,0.24369926131029557,0.004054746140854108,12.579435599294113,41.23491151449165,147.1529440791684,14.0
32.60585984092054,25.47456579281387,0.9725526512328244,1771.3411065020277,2912803.110205418,13248618.443106718,0.015321480997287265,0.00630900684675364,0.01565042744924456,4503.397901482779,6.567710177898019,5.963996828107225,1.160259531329696,0.02780557809916957,23.24085047945383,24.5938346996677,327.5317981259061,14.0
35.07968218029751,24.270076328388278,0.5446664608141099,848.1486666097637,1693419.0638935827,18710766.648625765,0.009700529788219774,0.009113937662715014,0.0229592071135543,4719.373968184955,4.124155689139419,5.975283521651353,1.0126299382714712,0.007686996889070713,25.865013483031216,27.003936383378058,309.51458323897486,14.0
38.30637613668216,24.29876492888096,0.6963681344144277,834.6611793552174,1354510.0564205553,7471649.508398212,0.01014779635276045,0.008954464692280156,0.015100736515961027,7068.59135034343,5.392560822162891,9.410227597129673,0.9865763756811551,1.2852739092555012e-05,67.22509032323131,70.07955564928598,288.4073691195552,14.0
33.12008666606444,24.699135896404172,0.715897200252865,1028.3296673583775,3021239.559303743,15966109.558924548,0.011689307749752494,0.010164429041780356,0.018473094026431748,8858.228627229786,3.886248434213563,3.7209472396289573,0.4467127555541722,0.006549110486422439,14.312471138399149,19.243760522457954,206.1552141733977,14.0
28.4996779437756,23.74698554195986,1.5516681895290745,1137.4243511148175,2383365.945995655,11042221.288129464,0.013468116021676923,0.00996113676263842,0.03005994469863243,9688.182828989993,3.5882534575392038,5.41655016320403,0.4150754468796635,0.0006241123802633141,16.649222398755594,33.46994767576841,223.7649585377813,14.0
28.703470870966125,24.291997450292346,3.4178393792441497,311.81697620579206,2400950.5833377233,18569519.92052712,0.018622637118057443,0.009125555078700588,0.030075914376200382,9210.640550708398,8.641092804824067,7.861167146052831,0.2230033616116438,1.1056476578609947e-05,35.890319020405585,86.22465818742444,258.14964706474024,14.0
37.7619402661798,23.6101421930669,0.025360973610698778,908.5977035522031,1952088.6526376018,10529717.240583315,0.009461572656373237,0.007811281765411636,0.02932514922858391,9184.866561978026,6.23821731959432,5.78429034149837,0.32966562935989285,0.004723866738418203,26.63804068700916,58.35600261956201,328.4841721422004,14.0
32.213755286277795,22.838196460138764,0.8237078366093051,1398.0362949558482,1313259.4936944759,13058049.662085606,0.012502391359823516,0.010974588669263239,0.012895707659860206,5926.131095018565,11.518538897680003,9.00928610846535,0.35670732193964705,0.002074459336642943,86.60687668154567,97.61545472252243,314.09670946392185,14.0
28.59099314152114,24.431737840458766,0.8600432861383389,321.27788958875135,2846382.596240404,12777130.637520043,0.01899951869675886,0.006917317125431512,0.026141113753626367,8140.3686876770425,6.988361906184398,5.79574160030863,0.9599767280085448,4.409875626415089e-05,10.802464401238165,24.920939341827154,152.68055311477184,14.0
