path,bytes,md5
.env.example,376,9e2154529c323b31b8f592de74c5f46c
.github\workflows\ci.yml,2509,c8237e3bbe373376507b3011ecd9ca58
.gitignore,1778,d2b963077a0e8118b3fb2b63f66146f7
.pytest_cache\.gitignore,39,85757ff2adfbaf633a1dd16a265f8826
.pytest_cache\CACHEDIR.TAG,191,f552fcc7d0ecdb6607533519d6898357
.pytest_cache\README.md,310,11c87436abd496719b2727c87d217993
.pytest_cache\v\cache\nodeids,3591,a2c82fec993ea51add0d474bc7f44b22
.pytest_cache\v\cache\stepwise,2,d751713988987e9331980363e24189ce
__pycache__\aggregate_llm_matrix.cpython-311.pyc,14632,29d446ec595de134b59e30d54f91a478
aggregate_llm_matrix.py,7204,88c00306f4b4c1c804897c9b8389bd32
ALGORITHM_GUIDE.md,9787,6f9f3a355ea21a63ecb4e8de7e071067
ARCHITECTURE.md,2463,a50c12ed266cd9a89167e92cfcd0babf
artifacts\README.md,655,fb86c4f5f0b2b484381826c6e1420830
artifacts\runs\v4-20260906-2870262\cross_validation_environment.csv,544,e585ca86372ec9b525b9c0aab2da4074
artifacts\runs\v4-20260906-2870262\embedded_smoke\bo_temperature_demo.csv,77073,cb78bfdb37313eb662b420504e9c5db0
artifacts\runs\v4-20260906-2870262\embedded_smoke\bo_temperature_demo.html,122743,90ece14f33f22d6c652282e1d48c8643
artifacts\runs\v4-20260906-2870262\embedded_smoke\fnn_temperature_demo.csv,69874,a9facb89ff6bf0b1e11c317c7b663133
artifacts\runs\v4-20260906-2870262\embedded_smoke\fnn_temperature_demo.html,117869,4c8e459d9d29dd6644bad79cd8aff6ce
artifacts\runs\v4-20260906-2870262\embedded_smoke\imc_temperature_demo.csv,67736,c84cdf6c2ecc393fc44345c9ec9a5304
artifacts\runs\v4-20260906-2870262\embedded_smoke\imc_temperature_demo.html,117734,b5f9b851fb7bd5143840fa0808a9cb89
artifacts\runs\v4-20260906-2870262\embedded_smoke\llm_agent_trace.csv,1603,c31905c4a76a9337bd53009a48d01a43
artifacts\runs\v4-20260906-2870262\embedded_smoke\llm_temperature_demo.csv,71374,923ed8c5ba5d4c11ca2cae988d98e3cd
artifacts\runs\v4-20260906-2870262\embedded_smoke\llm_temperature_demo.html,121446,78f273f8d3759924481eaa2ce2d37d59
artifacts\runs\v4-20260906-2870262\embedded_smoke\rl_temperature_demo.csv,70966,2f49a18fd25d3bdeefc5955d2747e79d
artifacts\runs\v4-20260906-2870262\embedded_smoke\rl_temperature_demo.html,117562,921ccef02d0ec6efa21f04e5595d15f7
artifacts\runs\v4-20260906-2870262\embedded_smoke\safe_bo_temperature_demo.csv,72744,a8d51eadbe796386e4b7f7631dd6af38
artifacts\runs\v4-20260906-2870262\embedded_smoke\safe_bo_temperature_demo.html,117417,533b38d14c0ab558ae9389eb4bd827b8
artifacts\runs\v4-20260906-2870262\embedded_smoke\seven_algorithm_summary.csv,4584,8bf31b5ccf77e6ef5c1500db7f237d60
artifacts\runs\v4-20260906-2870262\embedded_smoke\temperature_control_demo.html,726056,a97b1ddd91c2919e87b9d48c10987e15
artifacts\runs\v4-20260906-2870262\embedded_smoke\zn_temperature_demo.csv,64727,a7d45292a3caaf52a594aad7b896b7bb
artifacts\runs\v4-20260906-2870262\embedded_smoke\zn_temperature_demo.html,119989,3700dd0c9688d6ea4fd9d788a5670504
artifacts\runs\v4-20260906-2870262\environment.json,358,0aac17792d6a1c90a86ad1ea1a0f2329
artifacts\runs\v4-20260906-2870262\fopdt_cross_validation.csv,683,428903d15f746a4ebfe2f02611680630
artifacts\runs\v4-20260906-2870262\fopdt_cross_validation.png,256134,db9d3c9615e263ba1c7a3782b5d1697c
artifacts\runs\v4-20260906-2870262\fopdt_cross_validation_timeseries.csv,362230,f417f39ff8229bb87f2873473b3119f6
artifacts\runs\v4-20260906-2870262\manifest.yaml,3279,c260e36ebbade9e550459b16ecd2e128
artifacts\runs\v4-20260906-2870262\physical_cross_validation.csv,559,30198cebb2308909593784b9dd01887d
artifacts\runs\v4-20260906-2870262\physical_cross_validation.png,333152,b372a7182243547f8693ee079787f37f
artifacts\runs\v4-20260906-2870262\physical_cross_validation_timeseries.csv,82017,2bc30e71894a329845f5bc1fb2cda41f
artifacts\runs\v4-20260906-2870262\provenance.csv,614,9b4d7e90f9843d3d2d098096e12a2721
artifacts\runs\v4-20260906-2870262\sealed_80_summary.csv,815,a2f725195979f107146854c5fe976269
artifacts\runs\v4-20260906-2870262\timestep_convergence.csv,386,fcd9496dc7847585fb7ca0abad98487c
build_detailed_docs.py,35996,a658582e1da654cc1fb9430346023ed8
build_learning_manual.py,58002,35b997da640d24ca31e06a9cca7fee63
DEMO_GUIDE.md,5472,e4eb2a3ae3b4737ba7e7712927964392
embedded\__pycache__\export_policy.cpython-311.pyc,21922,d88b75e1e76dd0b02f1d5b12e00e0b3d
embedded\esp32_seven_algorithm_demo\platformio.ini,200,4f1cbd5b97825356ac56f2c76c35e9b0
embedded\esp32_seven_algorithm_demo\README.md,1268,98f7a5dd1da027804eb793476ca41d8a
embedded\esp32_seven_algorithm_demo\src\main.cpp,9341,e28f4277a3c311abb68e9c67d55e2990
embedded\export_policy.py,12845,893edb35e509eb60937578a4070e68d0
embedded\generated_demo_profiles.hpp,1336,81c24603b330739ffaa99656d47cab3c
embedded\generated_policy.hpp,2783,3a61a2e69e556a51a6f9524d7aae719f
embedded\hvac_pid_controller.hpp,11107,6509ad044b1aa037e3a8f2d0369ceaef
embedded\modbus_config.hpp,1165,20ff5a3ae71c068cbfe85ec46f9ea2b7
embedded\modbus_rtu_adapter.hpp,3561,830bfe8f3955aba3ba2793462e5f62d1
embedded\README.md,7081,301467be1e6bbb218c3e2d7efd1494f1
embedded\run_mcu_validation.py,6116,9cbb46959e9a7199d0965eeec8eb4c4c
embedded\testbench.cpp,6619,da3b79715ca14bdb0e2258c2cc9f34c1
embedded\testbench.exe,77009,7012515af0bacea250059611f9338a3e
embedded\validate_esp32_serial.py,3178,06d0e37e2a992e03d9fcff8caba22be6
embedded\wokwi\common\sketch.ino,4235,3d73fa2e9da1b61592f784c77cc41ed3
embedded\wokwi\esp32\diagram.json,1467,0e01efe5e247e50d8153425754041026
embedded\wokwi\esp32\generated_policy.hpp,2783,3a61a2e69e556a51a6f9524d7aae719f
embedded\wokwi\esp32\hvac_pid_controller.hpp,11107,6509ad044b1aa037e3a8f2d0369ceaef
embedded\wokwi\esp32\sketch.ino,4235,3d73fa2e9da1b61592f784c77cc41ed3
embedded\wokwi\prepare_projects.py,481,a3a92ee87218411340df2e1dbf4538bc
embedded\wokwi\README.md,1440,479239cdfbef5b885c53ed04927a485f
embedded\wokwi\stm32f103\diagram.json,1571,6e945bd9909140b64cd9e102b6fa0af7
embedded\wokwi\stm32f103\generated_policy.hpp,2783,3a61a2e69e556a51a6f9524d7aae719f
embedded\wokwi\stm32f103\hvac_pid_controller.hpp,11107,6509ad044b1aa037e3a8f2d0369ceaef
embedded\wokwi\stm32f103\sketch.ino,4235,3d73fa2e9da1b61592f784c77cc41ed3
experiments\manifests\v4.yaml,3279,c260e36ebbade9e550459b16ecd2e128
EXPERIMENTS.md,2700,a96ca385a401e035e51a10bcb3a75eca
hvac_pid\__init__.py,336,bde50d4f347fb08ae5d7181befb1e350
hvac_pid\__pycache__\__init__.cpython-311.pyc,561,27088f8f280c96625b92d2f374c29e16
hvac_pid\__pycache__\actuator.cpython-311.pyc,4379,8735bc91fa47f5266633c90e44f82fae
hvac_pid\__pycache__\advanced_tuning.cpython-311.pyc,57151,80dca12496442f00cedb3df23147dea2
hvac_pid\__pycache__\ai_controllers.cpython-311.pyc,58237,bb7a8dbe97f1d4a627d6b12c1089eeb4
hvac_pid\__pycache__\algorithm_reports.cpython-311.pyc,47297,eea06b815d7299ace87d05eac9878e14
hvac_pid\__pycache__\config.cpython-311.pyc,15980,120dcd019abdbaab6458c176220f9734
hvac_pid\__pycache__\controllers.cpython-311.pyc,29719,c8cb8e967b3cb966d5da24d58799a469
hvac_pid\__pycache__\embedded_demo.cpython-311.pyc,62033,8b6b6fea7dbd9daf1bacd9c2d1316253
hvac_pid\__pycache__\env.cpython-311.pyc,1710,f46742f21885980339cfba02f7d8bc36
hvac_pid\__pycache__\metrics.cpython-311.pyc,8470,cb0c710d249286feb525403ec58e4c9b
hvac_pid\__pycache__\pipeline.cpython-311.pyc,45734,b8b214aea1f8cfe57feeebd18ef0b199
hvac_pid\__pycache__\plant.cpython-311.pyc,5641,24f74de03accf28c1a38f90967ad0736
hvac_pid\__pycache__\plotting.cpython-311.pyc,47035,940cf3edb82ef1015f01defa0f4bc029
hvac_pid\__pycache__\report.cpython-311.pyc,77336,820cf0ccb265427adb006ed34b81e0dc
hvac_pid\__pycache__\safety.cpython-311.pyc,1897,d8c8411a213356518fa9b5fbc85c4885
hvac_pid\__pycache__\scheduler.cpython-311.pyc,5189,34bd181f02a52d961558d643aa0c25ca
hvac_pid\__pycache__\simulator.cpython-311.pyc,5790,f326b8e010b06816c676aa0b90da8015
hvac_pid\__pycache__\timebase.cpython-311.pyc,1378,b0662a2ad129c27eecdf9e80d862e5a7
hvac_pid\__pycache__\tuning.cpython-311.pyc,24412,966e896d49270da68896a127ae882d66
hvac_pid\__pycache__\validation.cpython-311.pyc,34890,ffca0e425fb5a37d6552c3655a41a0fc
hvac_pid\actuator.py,2874,22ad67523856f5079f6f0f2739ba0227
hvac_pid\advanced_tuning.py,43906,674b7602eeccd7dd9ede52693988cdcd
hvac_pid\ai_controllers.py,46649,97f2fc772a77b176c6161988f09e5b4d
hvac_pid\algorithm_reports.py,34509,6189495c17635965d2a498e2a19d9063
hvac_pid\config.py,14397,12e893d2376fb2db682f40889eb9552e
hvac_pid\controllers.py,20199,86367e721ed09828eda0debbbc759846
hvac_pid\embedded_demo.py,48850,28d0cd9fee637286bd9e8b9e1e8f15a7
hvac_pid\env.py,1224,77e79f94bdc83a8c59070834eb91bcca
hvac_pid\metrics.py,5031,f7a8c50f28b8fa1f29be07cdc99ff8fa
hvac_pid\pipeline.py,35263,e828a591e9a2d9594a47bffd37e41f3d
hvac_pid\plant.py,3684,0b13c73192219ab3b902c2c3fdfa2a22
hvac_pid\plotting.py,22283,580a38af9294a9c26317a04b21fe022f
hvac_pid\report.py,61319,f5b129bb28ed54c97a232879e00ec6e6
hvac_pid\safety.py,1210,7c5403b7caf29addfed4cef1d217c4dd
hvac_pid\scheduler.py,2355,bd7e2061d0a72ca9a5541dbc34e1779a
hvac_pid\simulator.py,3686,baba64c573edc4972f705311a83b03a8
hvac_pid\timebase.py,1149,4f764b5e57b885b732dcbce294f9a781
hvac_pid\tuning.py,13243,d1080eafcd71f05ad73828c4b60d0b38
hvac_pid\validation.py,22933,fb094156115566d8e32ba12c91b2a9b2
main.py,2107,84cff25797191d70f7f64b6b4196b8fd
modelica\check_gui_environment.mos,419,58d7faebf5ebff06df4ec025403665ca
modelica\check_openmodelica.mos,144,ee2d4b9c9af3baead528deb5a88838e6
modelica\extract_fopdt.py,4383,71b19a11221cb98664f0da234e3125d0
modelica\HVACAI\package.mo,127,3014fb31c07e357560f2c5ee5be73da4
modelica\HVACAI\package.order,25,680b05641c57599c547fad359fd7668b
modelica\HVACAI\PrecisionCabinetCooling.mo,4497,c3a5c839f72b3df410b66019fdf0bc7a
modelica\OMEDIT_GUI_GUIDE.md,2218,ed66913a6891c5b2d4cc4ef870f5d553
modelica\README.md,2912,9f349f489c63cf893091d4fe2683e940
modelica\run_openmodelica_validation.ps1,2335,0a601097733d633ec5061ea90d521b7b
modelica\run_reference.mos,585,a6e2bdaaaa8c68a5d081d7d92f011bdb
open_modelica_gui.bat,1511,cc64b123812a4a36d9a724a528b38104
outputs\adaptive_state_spec.csv,1740,0db4aae49f768e728ac05561d69287f5
outputs\algorithm_reports\01_zn_reaction_curve.html,1028638,df1e2c92edc56e15804c990841dc6d41
outputs\algorithm_reports\01_zn_reaction_curve_initial_cooling.png,143510,59170ce7912542da7fbb1438121b8769
outputs\algorithm_reports\01_zn_reaction_curve_setpoint_step.png,154083,ea0b004aa2f0ab5a4b3c0cf80ed22d5a
outputs\algorithm_reports\01_zn_reaction_curve_sustained_heat.png,163778,1037fceb86a00fa5d8e2e891bb158f42
outputs\algorithm_reports\02_imc.html,1001862,d6ec847ccf2caf800d1ea087e831eb0c
outputs\algorithm_reports\02_imc_initial_cooling.png,129220,441065e69d5f3701106d5f133e11bafd
outputs\algorithm_reports\02_imc_setpoint_step.png,147738,861ef4a4862e2333f2f34bfb79121d13
outputs\algorithm_reports\02_imc_sustained_heat.png,163153,61d15fa8accbffceffeed90c22f4d7b7
outputs\algorithm_reports\03_bayesian_auto_tune.html,1014068,c82b679a84ca73250fa12d44578a18fb
outputs\algorithm_reports\03_bayesian_auto_tune_initial_cooling.png,147064,c7439e650ffba9aa9338a03e8e3f55d1
outputs\algorithm_reports\03_bayesian_auto_tune_setpoint_step.png,158651,44e13cc56ffe7596a22cd1d3a10665be
outputs\algorithm_reports\03_bayesian_auto_tune_sustained_heat.png,176878,fe5f00c8924f7e86accc0e07c4fe4b4f
outputs\algorithm_reports\04_fnn_self_tuning.html,1198786,bbb721b27d820036e79b2732ac3f07d2
outputs\algorithm_reports\04_fnn_self_tuning_initial_cooling.png,150832,6d807af2b1cd2cf5b6cfcf55d6091c55
outputs\algorithm_reports\04_fnn_self_tuning_setpoint_step.png,170332,f15b32634ed0f1a1413a59a8de89a287
outputs\algorithm_reports\04_fnn_self_tuning_sustained_heat.png,207866,62a8c136f94932e09bf583f1bbaba84f
outputs\algorithm_reports\05_rl_self_tuning.html,1963656,bc0a27f58f87cc24836f5f924ae833c9
outputs\algorithm_reports\05_rl_self_tuning_initial_cooling.png,147887,7c11484c8ea3e44861fd5df7c011fad0
outputs\algorithm_reports\05_rl_self_tuning_setpoint_step.png,181404,36d8efed171b1211165e694e435016cf
outputs\algorithm_reports\05_rl_self_tuning_sustained_heat.png,211917,4169dec825d6ca880a05951686a83290
outputs\bayesian_search_history.csv,1979,818a2e3063afb4fd826ccd81f40c31ea
outputs\bayesian_search_trace.png,256582,f358b8a71dda453a2aeb63aff2c15479
outputs\case_initial_cooling.png,176441,383b26774297d03b1a19b7a1613f5f46
outputs\case_metrics.csv,4756,055e50afc88b31cb2422c3bbe1b5ea13
outputs\case_setpoint_step.png,262448,d49a2a3316e294ba07f0c91a9bd0f065
outputs\case_studies.png,474578,51822535688db593b7eb593564b47169
outputs\case_sustained_heat.png,319978,46efe4c8a038830ff793ad94bc26c701
outputs\case_timeseries.csv,764899,f5be685f634280fc820990e25b2c2cfe
outputs\classical_tuning_history.csv,3561423,450a9c2d65083abda4d044c332011cd5
outputs\classical_tuning_process.png,284716,7e788775920d63dd818671dd4775b28f
outputs\classical_tuning_steps.csv,3970,f390aeece3d3314e450aa7ad47b19b3b
outputs\cross_validation_environment.csv,423,1fda5b51cd1a360e95e7292717235dfe
outputs\dataset_manifest.csv,3424,ee76ddf17792a41072c9d713fe9b74d1
outputs\deployment_acceptance.csv,2203,9864a627edebb45c876898aa9f5425d9
outputs\documents\01_贝叶斯_FNN_RL_全链路技术报告.docx,2359484,33dddfd87bd3803197ba9835c29f3a4b
outputs\documents\02_贝叶斯_FNN_RL_零基础解释版.docx,2359643,cc9eb5000ae45128d4ce6ac45c37ded3
outputs\dynamic_comparison.png,391868,27a2926fd703486b16658c4cf23592bc
outputs\dynamic_metrics.csv,1836,9ca8a85c4f2bb2b3a250256b4284536d
outputs\dynamic_timeseries.csv,546719,4f3ff786630685cc05005e166ab24aa2
outputs\engineering_report.html,4909669,8f22308c651de8504af7cef4aa9faa17
outputs\engineering_report.md,11748,33e2ec0742d669f7fe944ced7302c016
outputs\fnn_context_coefficients.npy,192,a33c713f15abfaed4b6907208da78800
outputs\fnn_context_coefficients_candidate.npy,192,a33c713f15abfaed4b6907208da78800
outputs\fnn_rule_table.npy,528,8d87170ad6e103f3d8df637f32703822
outputs\fnn_rule_table_candidate.npy,528,8d87170ad6e103f3d8df637f32703822
outputs\fnn_training_history.csv,4745,3cbea35d7618af3bb527ca79fa0b0207
outputs\fnn_training_samples.csv,341860,ae32c77442bc3c5c32c6edd486fe16ea
outputs\fnn_training_trace.png,342391,82f243be463bb3b6050c7ca2eb981f99
outputs\fopdt_cross_validation.csv,686,9291510000e94af4e47dc634bb91dd49
outputs\fopdt_cross_validation.png,228964,e9e5d0be5e4b370e0614765078525d03
outputs\fopdt_cross_validation_timeseries.csv,362240,1d0f2fb40d536cf8ce62ae20fb101a55
outputs\fopdt_fit_history.csv,7616,d57060ad6e26bbd8044274440e53ef66
outputs\gain_scheduler.joblib,774835,fb4273a00cc88a772d0037e701704638
outputs\global_bayesian_tuning.csv,95,624ca7c89b8512f04a43ec4d5856c4d1
outputs\holdout_metrics.csv,9905,dcfe4dbd8a80ed21ee3fe6828633c02e
outputs\holdout_scenarios.csv,2833,3c3226852cf8b14ab23766462c240e95
outputs\holdout_summary.csv,3403,f4259024b8baa432c05ce5a8120ef20e
outputs\imc_lambda_tuning.csv,2296,1862edc8c46949aa55592f51d854ab2c
outputs\mcu_pc_sil_log.txt,320,1ac38f60258b3f43a8a7db6069d1b0e8
outputs\mcu_validation_summary.csv,306,9544254f80ae2c66b6f649f52a6f961a
outputs\mcu_wokwi_validation.csv,672,071915575f671d369318c20699d4ca54
outputs\modelica\PrecisionCabinetCooling_res.csv,6001188,102f89b334075a43226e63e0ba8211c9
outputs\online_gain_history.csv,1271,def5aa575fc436a18018410ef65a81b3
outputs\openmodelica_cross_validation.csv,378,a4718362df7a8876fffd99a2be794f6a
outputs\openmodelica_cross_validation.png,196427,ce93a9a2b6e708585fc157ddeca6e779
outputs\openmodelica_cross_validation_timeseries.csv,1011964,1a5c73b1a05fcc3161abee5ce5396b9d
outputs\physical_cross_validation.csv,555,6d96d70201ee85d013926717b3e4bc42
outputs\physical_cross_validation.png,304652,c23cf20bcd6d38f3de07488a45a2e088
outputs\physical_cross_validation_timeseries.csv,81369,6dd205a3124fdbd280d7b084d24f8157
outputs\report_assets\katex\auto-render.min.js,3486,2499f8f84f6a72af275029af0206a56b
outputs\report_assets\katex\fonts\KaTeX_AMS-Regular.ttf,63632,56573229753fad48910bda2ea1a6dd54
outputs\report_assets\katex\fonts\KaTeX_AMS-Regular.woff,33516,10824af77e9961cfd548c8a458f10851
outputs\report_assets\katex\fonts\KaTeX_AMS-Regular.woff2,28076,66c678209ce93b6e2b583f02ce41529e
outputs\report_assets\katex\fonts\KaTeX_Caligraphic-Bold.ttf,12368,497bf407c4c609c6cf1f1ad38f437f7f
outputs\report_assets\katex\fonts\KaTeX_Caligraphic-Bold.woff,7716,de2ba279933d60f7819ff61f71c17bed
outputs\report_assets\katex\fonts\KaTeX_Caligraphic-Bold.woff2,6912,a9e9b0953b078cd40f5e19ef4face6fc
outputs\report_assets\katex\fonts\KaTeX_Caligraphic-Regular.ttf,12344,e6fb499fc8f9925eea3138cccba17fff
outputs\report_assets\katex\fonts\KaTeX_Caligraphic-Regular.woff,7656,a25140fbe6692bffe71a2ab861572eb3
outputs\report_assets\katex\fonts\KaTeX_Caligraphic-Regular.woff2,6908,08d95d99bf4a2b2dc7a876653857f154
outputs\report_assets\katex\fonts\KaTeX_Fraktur-Bold.ttf,19584,b9d7c4497cab3702487214651ab03744
outputs\report_assets\katex\fonts\KaTeX_Fraktur-Bold.woff,13296,40934fc076960bb989d590db044fef62
outputs\report_assets\katex\fonts\KaTeX_Fraktur-Bold.woff2,11348,796f3797cdf36fcaea18c3070a608378
outputs\report_assets\katex\fonts\KaTeX_Fraktur-Regular.ttf,19572,97a699d83318e9334a0deaea6ae5eda2
outputs\report_assets\katex\fonts\KaTeX_Fraktur-Regular.woff,13208,e435cda5784e21b26ab2d03fbcb56a99
outputs\report_assets\katex\fonts\KaTeX_Fraktur-Regular.woff2,11316,f9e6a99f4a543b7d6cad1efb6cf1e4b1
outputs\report_assets\katex\fonts\KaTeX_Main-Bold.ttf,51336,8e431f7ece346b6282dae3d9d0e7a970
outputs\report_assets\katex\fonts\KaTeX_Main-Bold.woff,29912,4cdba6465ab9fac5d3833c6cdba7a8c3
outputs\report_assets\katex\fonts\KaTeX_Main-Bold.woff2,25324,a9382e25bcf75d856718fcef54d7acdb
outputs\report_assets\katex\fonts\KaTeX_Main-BoldItalic.ttf,32968,52fb39b0434c463d5df32419608ab08a
outputs\report_assets\katex\fonts\KaTeX_Main-BoldItalic.woff,19412,5f875f986a9bce1264e8c42417b56f74
outputs\report_assets\katex\fonts\KaTeX_Main-BoldItalic.woff2,16780,d873734390c716d6e18ff3f71ac6eb8b
outputs\report_assets\katex\fonts\KaTeX_Main-Italic.ttf,33580,39349e0a2b366f38e2672b45aded2030
outputs\report_assets\katex\fonts\KaTeX_Main-Italic.woff,19676,8ffd28f6390231548ead99d7835887fa
outputs\report_assets\katex\fonts\KaTeX_Main-Italic.woff2,16988,652970624cde999882102fa2b6a8871f
outputs\report_assets\katex\fonts\KaTeX_Main-Regular.ttf,53580,818582dae57e6fac46202cfd844afabb
outputs\report_assets\katex\fonts\KaTeX_Main-Regular.woff,30772,f1cdb692ee31c10b37262caffced5271
outputs\report_assets\katex\fonts\KaTeX_Main-Regular.woff2,26272,f8a7f19f45060f7a177314855b8c7aa3
outputs\report_assets\katex\fonts\KaTeX_Math-BoldItalic.ttf,31196,6589c4f1f587f73f0ad0af8ae35ccb53
outputs\report_assets\katex\fonts\KaTeX_Math-BoldItalic.woff,18668,48155e43d9a284b54753e50e4ba586dc
outputs\report_assets\katex\fonts\KaTeX_Math-BoldItalic.woff2,16400,1320454d951ec809a7dbccb4f23fccf0
outputs\report_assets\katex\fonts\KaTeX_Math-Italic.ttf,31308,fe5ed5875d95b18c98546cb4f47304ff
outputs\report_assets\katex\fonts\KaTeX_Math-Italic.woff,18748,ed7aea12d765f9e2d0f9bc7fa2be626c
outputs\report_assets\katex\fonts\KaTeX_Math-Italic.woff2,16440,d8b7a801bd87b324efcbae7394119c24
outputs\report_assets\katex\fonts\KaTeX_SansSerif-Bold.ttf,24504,f2ac73121357210d91e5c3eaa42f72ea
outputs\report_assets\katex\fonts\KaTeX_SansSerif-Bold.woff,14408,0e897d27f063facef504667290e408bd
outputs\report_assets\katex\fonts\KaTeX_SansSerif-Bold.woff2,12216,ad546b4719bcf690a3604944b90b7e42
outputs\report_assets\katex\fonts\KaTeX_SansSerif-Italic.ttf,22364,f60b4a34842bb524b562df092917a542
outputs\report_assets\katex\fonts\KaTeX_SansSerif-Italic.woff,14112,ef725de572b71381dccf53918e300744
outputs\report_assets\katex\fonts\KaTeX_SansSerif-Italic.woff2,12028,e934cbc86e2d59ceaf04102c43dc0b50
outputs\report_assets\katex\fonts\KaTeX_SansSerif-Regular.ttf,19436,3243452ee6817acd761c9757aef93c29
outputs\report_assets\katex\fonts\KaTeX_SansSerif-Regular.woff,12316,5f8637ee731482c44a37789723f5e499
outputs\report_assets\katex\fonts\KaTeX_SansSerif-Regular.woff2,10344,1ac3ed6ebe34e473519ca1da86f7a384
outputs\report_assets\katex\fonts\KaTeX_Script-Regular.ttf,16648,a189c37d73ffce63464635dc12cbbc96
outputs\report_assets\katex\fonts\KaTeX_Script-Regular.woff,10588,a82fa2a7e18b8c7a1a9f6069844ebfb9
outputs\report_assets\katex\fonts\KaTeX_Script-Regular.woff2,9644,1b3161eb8cc67462d6e8c2fb96c68507
outputs\report_assets\katex\fonts\KaTeX_Size1-Regular.ttf,12228,0d8d9204004bdf126342605f7bbdffe6
outputs\report_assets\katex\fonts\KaTeX_Size1-Regular.woff,6496,4788ba5b6247e336f734b742fe9900d5
outputs\report_assets\katex\fonts\KaTeX_Size1-Regular.woff2,5468,82ef26dc680ba60d884e051c73d9a42d
outputs\report_assets\katex\fonts\KaTeX_Size2-Regular.ttf,11508,1fdda0e59ed35495ebac28badf210574
outputs\report_assets\katex\fonts\KaTeX_Size2-Regular.woff,6188,b0628bfd27c979a09f702a2277979888
outputs\report_assets\katex\fonts\KaTeX_Size2-Regular.woff2,5208,95a1da914c20455a07b7c9e2dcf2836d
outputs\report_assets\katex\fonts\KaTeX_Size3-Regular.ttf,7588,963af864cbb10611ba33267ba7953777
outputs\report_assets\katex\fonts\KaTeX_Size3-Regular.woff,4420,4de844d4552e941f6b9c38837a8d487b
outputs\report_assets\katex\fonts\KaTeX_Size3-Regular.woff2,3624,9108a400f4787cffdcc3a3b813401e6a
outputs\report_assets\katex\fonts\KaTeX_Size4-Regular.ttf,10364,27a23ee69999affa55491c7dab8e53bf
outputs\report_assets\katex\fonts\KaTeX_Size4-Regular.woff,5980,3045a61f722bc4b198450ce69b3e3824
outputs\report_assets\katex\fonts\KaTeX_Size4-Regular.woff2,4928,61522cd3d9043622e235ab57762754f2
outputs\report_assets\katex\fonts\KaTeX_Typewriter-Regular.ttf,27556,6bf4287568e1d3004b54d5d60f9f08f9
outputs\report_assets\katex\fonts\KaTeX_Typewriter-Regular.woff,16028,0e0460587676d22eae09accd6dcfebc6
outputs\report_assets\katex\fonts\KaTeX_Typewriter-Regular.woff2,13568,b8b8393d2e65fcebda5fa99fa3264f41
outputs\report_assets\katex\katex.min.css,24728,f135708cdeb09e80a2c4125b22d30bd5
outputs\report_assets\katex\katex.min.js,272179,45d69fd6e087c760434078d3cd280f04
outputs\report_assets\katex\katex.mjs,618249,77f0b0bee07ec70cd349c543fe21c1fa
outputs\report_assets\katex\LICENSE,1294,a4319b1f01181c5babd2702855a5c928
outputs\review_defect_matrix.csv,2446,c629a42a56a15b8af87988b2b7dde7c0
outputs\review_remediation.md,2730,b52444f338eaa04db231b16b3147b9df
outputs\rl_q_table.npy,5528,a579dbaa5bb0ed2dd271c5ef22fe83f7
outputs\rl_q_table_candidate.npy,5528,a579dbaa5bb0ed2dd271c5ef22fe83f7
outputs\rl_training_history.csv,188975,454702f8fef99dcefad97eb46f9cad35
outputs\rl_training_trace.png,899919,8dc38b467cad1fad702ce3b4fa5bb856
outputs\rl_training_transitions.csv,7710212,cd57b1eeaa5d27a17f9e49cc6313af51
outputs\submission_package\excel_build_inspection.txt,15872,98cf9bc262591e10d0c5d5113af37863
outputs\submission_package\excel_previews\KpKi轨迹数据.png,236555,3a7c7f43b2924911f7c3f91b5687ec58
outputs\submission_package\excel_previews\三类典型场景.png,248810,841697dd43fe105511ac8f9617cba3c0
outputs\submission_package\excel_previews\实验设计.png,191748,e0429a9f8fe9ddf38d0a369b75887b71
outputs\submission_package\excel_previews\封面与说明.png,156371,117a7d055566cb734b85ab243938b14e
outputs\submission_package\excel_previews\数据字典.png,153753,1dcef900da3f35fa02eea22196ed1972
outputs\submission_package\excel_previews\方法优劣对比.png,315042,b2d09660fe925fb511449565047c0fe2
outputs\submission_package\excel_previews\混合动态工况.png,137703,d2617fe91404bfb8b2d0dca751109abe
outputs\submission_package\excel_previews\算法对比总表.png,154897,e246096991029b49adc7ef78c26c2caf
outputs\submission_package\excel_previews\训练与部署.png,190209,7a0240e2067856748ff2123ab85390ba
outputs\submission_package\excel_validation.txt,16647,d3e6b8a5fb69d6c35da9d04e072c69e5
outputs\submission_package\HVAC_AI_PID_仿真实验结果.xlsx,240039,5073b7c21b19633fca8f024f7f1cf6de
outputs\submission_package\HVAC_AI_PID_仿真实验结果_含MCU验证.xlsx,243645,f5ab6b008289d479077db1d2fac56359
outputs\submission_package\HVAC_AI_PID_关键展示.pptx,1648361,1d90edf5708ff324ebeb3ae24af7396b
outputs\submission_package\HVAC_AI_PID_关键展示_含MCU验证.pptx,1652852,c5943d282ff6c278e790e1e3c0e9afc4
outputs\submission_package\HVAC_AI_PID_关键展示_整定训练完整版.pptx,4501453,4555123dfd0d0b57c1ca0a904774ebeb
outputs\submission_package\slides_build_inspection.txt,13244,597935cda7cd05e41a6830d7924cc4e6
outputs\submission_package\slides_montage.png,513902,f87842bfdda1ee2605ac76bcd32aa7b7
outputs\submission_package\slides_montage_v2.png,683351,7564ca1fd2bcb470fd21091707e84fe1
outputs\submission_package\source-notes.txt,1013,a3307cc46faa9020b40dee33bf373df9
outputs\training_convergence_overview.png,166925,6857c42a4c63e9155a280cb0e08111bf
outputs\training_labels.csv,6865,09ba3f40233e512a3eb5021090fe8f2a
outputs\training_labels.png,94747,29dd57c1c2da48947ee0a41ddc3f301e
outputs\training_scenarios.csv,8067,8764cb0028a6fd9458570143ac5aca60
outputs\validation_scenarios.csv,2825,8939d3b67bfd778ffd5b28c49a38e2f2
outputs_adaptive_final_v2\adaptive_state_spec.csv,1740,0db4aae49f768e728ac05561d69287f5
outputs_adaptive_final_v2\algorithm_reports\01_zn_reaction_curve.html,1148312,7bbea51e2351bb919f0a356c81b3cfdf
outputs_adaptive_final_v2\algorithm_reports\01_zn_reaction_curve_initial_cooling.png,155802,b34900cc58b0e80fbfb7813e0272b0e8
outputs_adaptive_final_v2\algorithm_reports\01_zn_reaction_curve_setpoint_step.png,170648,19e89b704ea94e599d14e8a4727d1fbf
outputs_adaptive_final_v2\algorithm_reports\01_zn_reaction_curve_sustained_heat.png,179226,ba187eb0a36ea169d3ed45508173a3ae
outputs_adaptive_final_v2\algorithm_reports\02_imc.html,1120654,83df38e1e7788f7b58175a3ffa33ad51
outputs_adaptive_final_v2\algorithm_reports\02_imc_initial_cooling.png,141895,abea25e30c35bdfe5ef5281ba5dc3062
outputs_adaptive_final_v2\algorithm_reports\02_imc_setpoint_step.png,162225,9f64bd09f7d2dd87ff7bb465344e8798
outputs_adaptive_final_v2\algorithm_reports\02_imc_sustained_heat.png,179637,448f4d7ebc466851a745bc4cf63c7144
outputs_adaptive_final_v2\algorithm_reports\03_bayesian_auto_tune.html,1029201,3c104b38f801a8370bc636a76341a158
outputs_adaptive_final_v2\algorithm_reports\03_bayesian_auto_tune_initial_cooling.png,146978,12689d8399ee2489ff03cd37b95bf837
outputs_adaptive_final_v2\algorithm_reports\03_bayesian_auto_tune_setpoint_step.png,161856,d0d01238905a9ff9712fe1b271170b8f
outputs_adaptive_final_v2\algorithm_reports\03_bayesian_auto_tune_sustained_heat.png,176695,64337780b97dc5eb753aa2451de0f5ba
outputs_adaptive_final_v2\algorithm_reports\04_fnn_self_tuning.html,1153989,42cd0979145862e50d77cb0bd2175650
outputs_adaptive_final_v2\algorithm_reports\04_fnn_self_tuning_initial_cooling.png,143030,62edef3e96b48a2cb15987a3e7c022e7
outputs_adaptive_final_v2\algorithm_reports\04_fnn_self_tuning_setpoint_step.png,163115,d7ba6a7ade7293e7f3fbf10211dcf0e4
outputs_adaptive_final_v2\algorithm_reports\04_fnn_self_tuning_sustained_heat.png,180763,a25de4eea8661c35e0ac1527a01e8be3
outputs_adaptive_final_v2\algorithm_reports\05_rl_self_tuning.html,2107755,42cb5f42c9aa6fa6b0f68813c9eda71f
outputs_adaptive_final_v2\algorithm_reports\05_rl_self_tuning_initial_cooling.png,182106,9dfe252a3153b548940237041d168f67
outputs_adaptive_final_v2\algorithm_reports\05_rl_self_tuning_setpoint_step.png,208637,380c9475b3d454b810a4b41f528491ba
outputs_adaptive_final_v2\algorithm_reports\05_rl_self_tuning_sustained_heat.png,254125,fefb48eb7f4dffe6256c2151fb8c94a0
outputs_adaptive_final_v2\bayesian_search_history.csv,1990,edfe310353c065b1f4c4c70e7ffeeddc
outputs_adaptive_final_v2\bayesian_search_trace.png,264995,c4b702f3713748991dc94f6f659d1673
outputs_adaptive_final_v2\case_initial_cooling.png,184970,826ec3a7381ee1b583554e59b6276fc3
outputs_adaptive_final_v2\case_metrics.csv,4754,ce7c021c7f2b16e5e2d931dd49cf3a27
outputs_adaptive_final_v2\case_setpoint_step.png,255757,a164cada137c01d952d4859468850b14
outputs_adaptive_final_v2\case_studies.png,478526,62a19b609b43117fcc1f6a777a48f88c
outputs_adaptive_final_v2\case_sustained_heat.png,301559,babaa66804c481596fa5363661d6e458
outputs_adaptive_final_v2\classical_tuning_history.csv,3571514,3c5c9d1000626b5ad61e1ff3018cc5bf
outputs_adaptive_final_v2\classical_tuning_process.png,330169,10215dc2da37e098ef8662790f4beb99
outputs_adaptive_final_v2\classical_tuning_steps.csv,3970,f390aeece3d3314e450aa7ad47b19b3b
outputs_adaptive_final_v2\cross_validation_environment.csv,429,d581aa34a6ff98cb5c51c4f99306ffb0
outputs_adaptive_final_v2\dynamic_comparison.png,456961,fd8c1dd8e126574f92b7a8c9e93e7567
outputs_adaptive_final_v2\dynamic_metrics.csv,1819,444314e22a7bea23421e0152fb5cccfb
outputs_adaptive_final_v2\dynamic_timeseries.csv,540943,97aec35980ccfbe4ef238a96e8ce17a4
outputs_adaptive_final_v2\engineering_report.html,4928588,c670f1cf26c37f0419f06f7586b83833
outputs_adaptive_final_v2\engineering_report.md,8820,217825d46828bd2e1f3bbb2b40fbb968
outputs_adaptive_final_v2\fnn_rule_table.npy,528,603caf93b557d5db74342e8a8d51d2de
outputs_adaptive_final_v2\fnn_rule_table_candidate.npy,528,def979fbaa9e0dbc5d3ba5ac59032789
outputs_adaptive_final_v2\fnn_training_history.csv,8309,5cb887a37e90f00c5558e8f8144e28a6
outputs_adaptive_final_v2\fnn_training_samples.csv,233190,64dc91213c43cb6db18bae5d66e09a6f
outputs_adaptive_final_v2\fnn_training_trace.png,353307,c25a9f07ccf7cb4bef31a88c0732b83d
outputs_adaptive_final_v2\fopdt_cross_validation.csv,682,6a30aeefc5d310d7a59d1ab76c8c6bb5
outputs_adaptive_final_v2\fopdt_cross_validation.png,255837,baa7a82de8d78a27c007dc31d8960fd1
outputs_adaptive_final_v2\fopdt_cross_validation_timeseries.csv,362325,1a2f8b12b5a1681ebaeff762b4ec7dc4
outputs_adaptive_final_v2\fopdt_fit_history.csv,7607,48781548db04acc9c509608829604c2c
outputs_adaptive_final_v2\global_bayesian_tuning.csv,95,3e1efabed6f21d6304ea0cffbbd737b3
outputs_adaptive_final_v2\holdout_metrics.csv,25519,52b41fd1422bc103c660d69644092ece
outputs_adaptive_final_v2\holdout_scenarios.csv,6522,9dfc653db6300a26797ad691217e3b9d
outputs_adaptive_final_v2\holdout_summary.csv,3301,638f6b0d96ac127921b59451f3527b51
outputs_adaptive_final_v2\imc_lambda_tuning.csv,2304,490db57c877247cd56fbe759b0a72ece
outputs_adaptive_final_v2\learning_document\HVAC_AI_PID_零基础学习手册.docx,2161028,11245251bb4c47e2da20a8b4c3f9cc56
outputs_adaptive_final_v2\physical_cross_validation.csv,555,318ad91fc86d0d949c60986e4397f40f
outputs_adaptive_final_v2\physical_cross_validation.png,332448,7c50dbfda5cf308b9177aa560ee67030
outputs_adaptive_final_v2\physical_cross_validation_timeseries.csv,81399,18762852484014bbc721477d20c19ddc
outputs_adaptive_final_v2\report_assets\katex\auto-render.min.js,3486,2499f8f84f6a72af275029af0206a56b
outputs_adaptive_final_v2\report_assets\katex\fonts\KaTeX_AMS-Regular.ttf,63632,56573229753fad48910bda2ea1a6dd54
outputs_adaptive_final_v2\report_assets\katex\fonts\KaTeX_AMS-Regular.woff,33516,10824af77e9961cfd548c8a458f10851
outputs_adaptive_final_v2\report_assets\katex\fonts\KaTeX_AMS-Regular.woff2,28076,66c678209ce93b6e2b583f02ce41529e
outputs_adaptive_final_v2\report_assets\katex\fonts\KaTeX_Caligraphic-Bold.ttf,12368,497bf407c4c609c6cf1f1ad38f437f7f
outputs_adaptive_final_v2\report_assets\katex\fonts\KaTeX_Caligraphic-Bold.woff,7716,de2ba279933d60f7819ff61f71c17bed
outputs_adaptive_final_v2\report_assets\katex\fonts\KaTeX_Caligraphic-Bold.woff2,6912,a9e9b0953b078cd40f5e19ef4face6fc
outputs_adaptive_final_v2\report_assets\katex\fonts\KaTeX_Caligraphic-Regular.ttf,12344,e6fb499fc8f9925eea3138cccba17fff
outputs_adaptive_final_v2\report_assets\katex\fonts\KaTeX_Caligraphic-Regular.woff,7656,a25140fbe6692bffe71a2ab861572eb3
outputs_adaptive_final_v2\report_assets\katex\fonts\KaTeX_Caligraphic-Regular.woff2,6908,08d95d99bf4a2b2dc7a876653857f154
outputs_adaptive_final_v2\report_assets\katex\fonts\KaTeX_Fraktur-Bold.ttf,19584,b9d7c4497cab3702487214651ab03744
outputs_adaptive_final_v2\report_assets\katex\fonts\KaTeX_Fraktur-Bold.woff,13296,40934fc076960bb989d590db044fef62
outputs_adaptive_final_v2\report_assets\katex\fonts\KaTeX_Fraktur-Bold.woff2,11348,796f3797cdf36fcaea18c3070a608378
outputs_adaptive_final_v2\report_assets\katex\fonts\KaTeX_Fraktur-Regular.ttf,19572,97a699d83318e9334a0deaea6ae5eda2
outputs_adaptive_final_v2\report_assets\katex\fonts\KaTeX_Fraktur-Regular.woff,13208,e435cda5784e21b26ab2d03fbcb56a99
outputs_adaptive_final_v2\report_assets\katex\fonts\KaTeX_Fraktur-Regular.woff2,11316,f9e6a99f4a543b7d6cad1efb6cf1e4b1
outputs_adaptive_final_v2\report_assets\katex\fonts\KaTeX_Main-Bold.ttf,51336,8e431f7ece346b6282dae3d9d0e7a970
outputs_adaptive_final_v2\report_assets\katex\fonts\KaTeX_Main-Bold.woff,29912,4cdba6465ab9fac5d3833c6cdba7a8c3
outputs_adaptive_final_v2\report_assets\katex\fonts\KaTeX_Main-Bold.woff2,25324,a9382e25bcf75d856718fcef54d7acdb
outputs_adaptive_final_v2\report_assets\katex\fonts\KaTeX_Main-BoldItalic.ttf,32968,52fb39b0434c463d5df32419608ab08a
outputs_adaptive_final_v2\report_assets\katex\fonts\KaTeX_Main-BoldItalic.woff,19412,5f875f986a9bce1264e8c42417b56f74
outputs_adaptive_final_v2\report_assets\katex\fonts\KaTeX_Main-BoldItalic.woff2,16780,d873734390c716d6e18ff3f71ac6eb8b
outputs_adaptive_final_v2\report_assets\katex\fonts\KaTeX_Main-Italic.ttf,33580,39349e0a2b366f38e2672b45aded2030
outputs_adaptive_final_v2\report_assets\katex\fonts\KaTeX_Main-Italic.woff,19676,8ffd28f6390231548ead99d7835887fa
outputs_adaptive_final_v2\report_assets\katex\fonts\KaTeX_Main-Italic.woff2,16988,652970624cde999882102fa2b6a8871f
outputs_adaptive_final_v2\report_assets\katex\fonts\KaTeX_Main-Regular.ttf,53580,818582dae57e6fac46202cfd844afabb
outputs_adaptive_final_v2\report_assets\katex\fonts\KaTeX_Main-Regular.woff,30772,f1cdb692ee31c10b37262caffced5271
outputs_adaptive_final_v2\report_assets\katex\fonts\KaTeX_Main-Regular.woff2,26272,f8a7f19f45060f7a177314855b8c7aa3
outputs_adaptive_final_v2\report_assets\katex\fonts\KaTeX_Math-BoldItalic.ttf,31196,6589c4f1f587f73f0ad0af8ae35ccb53
outputs_adaptive_final_v2\report_assets\katex\fonts\KaTeX_Math-BoldItalic.woff,18668,48155e43d9a284b54753e50e4ba586dc
outputs_adaptive_final_v2\report_assets\katex\fonts\KaTeX_Math-BoldItalic.woff2,16400,1320454d951ec809a7dbccb4f23fccf0
outputs_adaptive_final_v2\report_assets\katex\fonts\KaTeX_Math-Italic.ttf,31308,fe5ed5875d95b18c98546cb4f47304ff
outputs_adaptive_final_v2\report_assets\katex\fonts\KaTeX_Math-Italic.woff,18748,ed7aea12d765f9e2d0f9bc7fa2be626c
outputs_adaptive_final_v2\report_assets\katex\fonts\KaTeX_Math-Italic.woff2,16440,d8b7a801bd87b324efcbae7394119c24
outputs_adaptive_final_v2\report_assets\katex\fonts\KaTeX_SansSerif-Bold.ttf,24504,f2ac73121357210d91e5c3eaa42f72ea
outputs_adaptive_final_v2\report_assets\katex\fonts\KaTeX_SansSerif-Bold.woff,14408,0e897d27f063facef504667290e408bd
outputs_adaptive_final_v2\report_assets\katex\fonts\KaTeX_SansSerif-Bold.woff2,12216,ad546b4719bcf690a3604944b90b7e42
outputs_adaptive_final_v2\report_assets\katex\fonts\KaTeX_SansSerif-Italic.ttf,22364,f60b4a34842bb524b562df092917a542
outputs_adaptive_final_v2\report_assets\katex\fonts\KaTeX_SansSerif-Italic.woff,14112,ef725de572b71381dccf53918e300744
outputs_adaptive_final_v2\report_assets\katex\fonts\KaTeX_SansSerif-Italic.woff2,12028,e934cbc86e2d59ceaf04102c43dc0b50
outputs_adaptive_final_v2\report_assets\katex\fonts\KaTeX_SansSerif-Regular.ttf,19436,3243452ee6817acd761c9757aef93c29
outputs_adaptive_final_v2\report_assets\katex\fonts\KaTeX_SansSerif-Regular.woff,12316,5f8637ee731482c44a37789723f5e499
outputs_adaptive_final_v2\report_assets\katex\fonts\KaTeX_SansSerif-Regular.woff2,10344,1ac3ed6ebe34e473519ca1da86f7a384
outputs_adaptive_final_v2\report_assets\katex\fonts\KaTeX_Script-Regular.ttf,16648,a189c37d73ffce63464635dc12cbbc96
outputs_adaptive_final_v2\report_assets\katex\fonts\KaTeX_Script-Regular.woff,10588,a82fa2a7e18b8c7a1a9f6069844ebfb9
outputs_adaptive_final_v2\report_assets\katex\fonts\KaTeX_Script-Regular.woff2,9644,1b3161eb8cc67462d6e8c2fb96c68507
outputs_adaptive_final_v2\report_assets\katex\fonts\KaTeX_Size1-Regular.ttf,12228,0d8d9204004bdf126342605f7bbdffe6
outputs_adaptive_final_v2\report_assets\katex\fonts\KaTeX_Size1-Regular.woff,6496,4788ba5b6247e336f734b742fe9900d5
outputs_adaptive_final_v2\report_assets\katex\fonts\KaTeX_Size1-Regular.woff2,5468,82ef26dc680ba60d884e051c73d9a42d
outputs_adaptive_final_v2\report_assets\katex\fonts\KaTeX_Size2-Regular.ttf,11508,1fdda0e59ed35495ebac28badf210574
outputs_adaptive_final_v2\report_assets\katex\fonts\KaTeX_Size2-Regular.woff,6188,b0628bfd27c979a09f702a2277979888
outputs_adaptive_final_v2\report_assets\katex\fonts\KaTeX_Size2-Regular.woff2,5208,95a1da914c20455a07b7c9e2dcf2836d
outputs_adaptive_final_v2\report_assets\katex\fonts\KaTeX_Size3-Regular.ttf,7588,963af864cbb10611ba33267ba7953777
outputs_adaptive_final_v2\report_assets\katex\fonts\KaTeX_Size3-Regular.woff,4420,4de844d4552e941f6b9c38837a8d487b
outputs_adaptive_final_v2\report_assets\katex\fonts\KaTeX_Size3-Regular.woff2,3624,9108a400f4787cffdcc3a3b813401e6a
outputs_adaptive_final_v2\report_assets\katex\fonts\KaTeX_Size4-Regular.ttf,10364,27a23ee69999affa55491c7dab8e53bf
outputs_adaptive_final_v2\report_assets\katex\fonts\KaTeX_Size4-Regular.woff,5980,3045a61f722bc4b198450ce69b3e3824
outputs_adaptive_final_v2\report_assets\katex\fonts\KaTeX_Size4-Regular.woff2,4928,61522cd3d9043622e235ab57762754f2
outputs_adaptive_final_v2\report_assets\katex\fonts\KaTeX_Typewriter-Regular.ttf,27556,6bf4287568e1d3004b54d5d60f9f08f9
outputs_adaptive_final_v2\report_assets\katex\fonts\KaTeX_Typewriter-Regular.woff,16028,0e0460587676d22eae09accd6dcfebc6
outputs_adaptive_final_v2\report_assets\katex\fonts\KaTeX_Typewriter-Regular.woff2,13568,b8b8393d2e65fcebda5fa99fa3264f41
outputs_adaptive_final_v2\report_assets\katex\katex.min.css,24728,f135708cdeb09e80a2c4125b22d30bd5
outputs_adaptive_final_v2\report_assets\katex\katex.min.js,272179,45d69fd6e087c760434078d3cd280f04
outputs_adaptive_final_v2\report_assets\katex\katex.mjs,618249,77f0b0bee07ec70cd349c543fe21c1fa
outputs_adaptive_final_v2\report_assets\katex\LICENSE,1294,a4319b1f01181c5babd2702855a5c928
outputs_adaptive_final_v2\rl_q_table.npy,5528,58471084bbe49538cd711f2771f79bfd
outputs_adaptive_final_v2\rl_q_table_candidate.npy,5528,58471084bbe49538cd711f2771f79bfd
outputs_adaptive_final_v2\rl_training_history.csv,187499,35f21dac24a83736680c66e1999c6c46
outputs_adaptive_final_v2\rl_training_trace.png,906670,4fea85df022d4ee66c9bcb82f56d07c9
outputs_adaptive_final_v2\rl_training_transitions.csv,7700969,721878d9cb2049d45397e74b1d28679b
outputs_adaptive_final_v2\training_convergence_overview.png,166338,1fb350848113d4cc53ab2d110d2bb50f
outputs_adaptive_final_v2\training_labels.csv,16112,b6f7c8dcd733164b21c3c82d7f317d45
outputs_adaptive_final_v2\training_labels.png,111139,ce1cbb67786643cb2a88a2d5541df4fa
outputs_adaptive_final_v2\training_scenarios.csv,18568,c419f66041124a35b93e4ebcb3896914
outputs_advanced_bailian\advanced_holdout_summary.csv,2166,7a3b14879e42f7df429a2ebfae149031
outputs_advanced_bailian\advanced_tuning_report.md,1414,a6d554ed1477475a8d757a6e449e255b
outputs_advanced_bailian\imc_tuning_history.csv,1465,a90032dfcf0009b59f265dd5b69519ca
outputs_advanced_bailian\llm_tuning_history.csv,3387,527593bc9e8f18b8a39e7f23c35229bc
outputs_advanced_bailian\ordinary_bo_history.csv,1773,79ae7020bd989f64ef2a0664b6bc9061
outputs_advanced_bailian\safe_bo_history.csv,1457,1ff724cfeb99fb606f71d094a0f99941
outputs_advanced_bailian\tuning_wall_time.csv,255,a19f6dbb35ea1ba35d336c6ee8cf1313
outputs_advanced_quick\advanced_holdout_summary.csv,2142,d80091bc35f8650e860535f7f4b89ce3
outputs_advanced_quick\advanced_tuning_report.md,1396,016cf5a87f504b7c4eaed86f268a2f26
outputs_advanced_quick\imc_tuning_history.csv,1462,9cd162abcf3c9f848e42c3514f1750e8
outputs_advanced_quick\llm_tuning_history.csv,1184,64489e4744705cadc4542685c19f3dea
outputs_advanced_quick\ordinary_bo_history.csv,1768,615272b6b110bdd291e323e4558b9c11
outputs_advanced_quick\safe_bo_history.csv,1461,b197d4a2cd34109f142dbebe17564fcb
outputs_advanced_quick\tuning_wall_time.csv,254,c03536fec1efeaa7ad71d196e66b6242
outputs_embedded_demo\bo_temperature_demo.csv,71992,a570ee1ff49c043076f4490e197a3be1
outputs_embedded_demo\bo_temperature_demo.html,117763,9798c647ed6e07d2cd355eddf127620d
outputs_embedded_demo\bo_temperature_demo_summary.json,814,baa433cb58360db7a5cec38b750438f3
outputs_embedded_demo\esp32_build_validation.md,1066,03e4a257e5dbcdb40f313475998e9731
outputs_embedded_demo\ESP32_七算法温度闭环_零基础教学.pptx,96319,5665a41330c7e4a2a4b7d5d3877c9d9d
outputs_embedded_demo\fnn_temperature_demo.csv,75120,cc0e04a94f49b0a5d8973f419b0d8fa5
outputs_embedded_demo\fnn_temperature_demo.html,122471,447df71436a1186eb22f044db532e72b
outputs_embedded_demo\fnn_temperature_demo_summary.json,847,5ff03267e1f51df3b90ac57b44b40f62
outputs_embedded_demo\imc_temperature_demo.csv,68632,9acf03f259fbcbc603d45fb65b60d4cd
outputs_embedded_demo\imc_temperature_demo.html,117638,64eda7e0156f4d162e4b6d3f32afd1cb
outputs_embedded_demo\imc_temperature_demo_summary.json,813,57bc8aa356879a8d4948fa953849c9a4
outputs_embedded_demo\llm_agent_trace.csv,1609,b9aefbe5c8717e9a0c3232917de35bce
outputs_embedded_demo\llm_temperature_demo.csv,71546,96790f2361d4f45c113b0d0a937abda9
outputs_embedded_demo\llm_temperature_demo.html,121419,ee0fe88998d306909352cbb49ed837fa
outputs_embedded_demo\llm_temperature_demo_agent_trace.csv,1626,8655d953c36e65b8fafca81870ec04e5
outputs_embedded_demo\llm_temperature_demo_summary.json,1300,45e8fdba6775fd2bbdad336b96d79c1e
outputs_embedded_demo\rl_temperature_demo.csv,71681,2ef58bb5df80bd7260b8d7df02c280f0
outputs_embedded_demo\rl_temperature_demo.html,117367,419b6200094461144bfdfece003cfd09
outputs_embedded_demo\rl_temperature_demo_summary.json,794,7c75940f25cd54835cf43ca4ea16198f
outputs_embedded_demo\safe_bo_temperature_demo.csv,72846,3bb950bd90d32a8206479d7e2b3ae67c
outputs_embedded_demo\safe_bo_temperature_demo.html,117438,eccff84359954b0c99ee55b03b04b878
outputs_embedded_demo\safe_bo_temperature_demo_summary.json,818,f5d1cbaa8938da9e0713d448832c30bb
outputs_embedded_demo\seven_algorithm_summary.csv,4522,74de9f856f8229a0ff722d8a0431cba8
outputs_embedded_demo\temperature_control_demo.html,725289,5a2f9cc1fdaab573e653a31412498119
outputs_embedded_demo\zn_temperature_demo.csv,65339,16efdf60155b29187b0cda68e391fe24
outputs_embedded_demo\zn_temperature_demo.html,119897,ef174bf6fdcc30c63cbcbe353473261b
outputs_embedded_demo\zn_temperature_demo_summary.json,881,15e3316e0683335a3127b92dd8fdf03a
outputs_llm_agent\llm_agent_summary.json,2648,d1febba2b9e1d91e729857371149dd3c
outputs_llm_agent\llm_agent_temperature.csv,71546,96790f2361d4f45c113b0d0a937abda9
outputs_llm_agent\llm_agent_temperature_demo.html,121425,8babb595d24b8d9d3d51c131d137e866
outputs_llm_agent\llm_agent_trace.csv,1609,b9aefbe5c8717e9a0c3232917de35bce
outputs_llm_agent_bailian\llm_agent_summary.json,1481,cce8f2dd2f0e09808c49d2f2b7faf4d1
outputs_llm_agent_bailian\llm_agent_temperature.csv,76157,04e3e9033202ae9b31afd113b0f9fe5e
outputs_llm_agent_bailian\llm_agent_temperature_demo.html,125620,cc1a4f648eedb76b2ee6f03280f76823
outputs_llm_agent_bailian\llm_agent_trace.csv,1824,f8535d7b517d3cd5f89f98479f047748
outputs_llm_agent_live\llm_agent_summary.json,1615,efe265629c71dd8c5f0dab93ce1ed506
outputs_llm_agent_live\llm_agent_temperature.csv,76157,04e3e9033202ae9b31afd113b0f9fe5e
outputs_llm_agent_live\llm_agent_temperature_demo.html,125155,b53e4bce2ae1f0a07b7add2fba97f2c2
outputs_llm_agent_live\llm_agent_trace.csv,1441,a3e08ee539bbaf0c1b7c7718c966b925
outputs_llm_agent_live_max\llm_agent_summary.json,1542,6c89f06406cd3d9ec5304a2c99982cd9
outputs_llm_agent_live_max\llm_agent_temperature.csv,66805,19b68764003b753cf5c7df89a20a2744
outputs_llm_agent_live_max\llm_agent_temperature_demo.html,120182,a577d56f1fefd8708be74ec1a1cc1cbe
outputs_llm_agent_live_max\llm_agent_trace.csv,1443,87e483bc07b4b71fc32467813ae4570c
outputs_llm_agent_real\llm_agent_summary.json,849,14d9303734720d8804896ff95dbe6ff8
outputs_llm_agent_real\llm_agent_temperature.csv,76157,04e3e9033202ae9b31afd113b0f9fe5e
outputs_llm_agent_real\llm_agent_temperature_demo.html,122750,e892302ccfd2445482bb2e26ca6c0dcd
outputs_llm_agent_real\llm_agent_trace.csv,184,b69f1ed007fba81aa278a86f664a45a5
outputs_llm_matrix\qwen-max_hard\llm_agent_summary.json,1598,a026475a991e85bb22608102e18bc894
outputs_llm_matrix\qwen-max_hard\llm_agent_temperature.csv,75996,28af32c415e47d26fafb68d6162cb299
outputs_llm_matrix\qwen-max_hard\llm_agent_temperature_demo.html,125355,a981dcd50f358f863e6df20087bbbad7
outputs_llm_matrix\qwen-max_hard\llm_agent_trace.csv,1504,27563884dda57f0e96145adfecffa4d3
outputs_llm_matrix\qwen-max_std\llm_agent_summary.json,1637,84b05cf1a90422f2e3c3a72be1c103e7
outputs_llm_matrix\qwen-max_std\llm_agent_temperature.csv,69207,2001b3ae2520c84e9a0e0f2d8f23365e
outputs_llm_matrix\qwen-max_std\llm_agent_temperature_demo.html,121024,6c96e94fc307f4d3abd895f9e28a3074
outputs_llm_matrix\qwen-max_std\llm_agent_trace.csv,1962,5fe219bba270fbd98ffc541de79c14c8
outputs_llm_matrix\qwen-plus_hard\llm_agent_summary.json,1633,f9bae8246f9536b27df141705567e7e3
outputs_llm_matrix\qwen-plus_hard\llm_agent_temperature.csv,75996,28af32c415e47d26fafb68d6162cb299
outputs_llm_matrix\qwen-plus_hard\llm_agent_temperature_demo.html,125417,6ba3ccb76e3010c58e34dbbcfc5240a4
outputs_llm_matrix\qwen-plus_hard\llm_agent_trace.csv,1530,39323291650102cf24cb3244f9ba8560
outputs_llm_matrix\qwen-plus_std\llm_agent_summary.json,1657,672bc0acc4e399b63f00523de93b3621
outputs_llm_matrix\qwen-plus_std\llm_agent_temperature.csv,76157,04e3e9033202ae9b31afd113b0f9fe5e
outputs_llm_matrix\qwen-plus_std\llm_agent_temperature_demo.html,125844,f700114338353954cf82fc311d19114b
outputs_llm_matrix\qwen-plus_std\llm_agent_trace.csv,1901,6a74b53f093f4aeee4ef6bdcc53b4c7e
outputs_llm_matrix\qwen-turbo_hard\llm_agent_summary.json,1601,3c0daadfb541c0e541900aa741e352ec
outputs_llm_matrix\qwen-turbo_hard\llm_agent_temperature.csv,75996,28af32c415e47d26fafb68d6162cb299
outputs_llm_matrix\qwen-turbo_hard\llm_agent_temperature_demo.html,125589,38d6de355449ac278446bf59e9742afb
outputs_llm_matrix\qwen-turbo_hard\llm_agent_trace.csv,1628,58b2e0e2adf60f126b164ed5a981e993
outputs_llm_matrix\qwen-turbo_std\llm_agent_summary.json,1600,2490dc422fd15b32efa549c3a1c4a120
outputs_llm_matrix\qwen-turbo_std\llm_agent_temperature.csv,76157,04e3e9033202ae9b31afd113b0f9fe5e
outputs_llm_matrix\qwen-turbo_std\llm_agent_temperature_demo.html,125383,2bda52e0b0d9b3dc82b37bcdfae9ef4d
outputs_llm_matrix\qwen-turbo_std\llm_agent_trace.csv,1608,4b311dcdb2ebd43381c8a6fbe8bdc32d
outputs_llm_matrix_v2\qwen-max_hard\llm_agent_summary.json,1637,f600c33a53bc83228c54297f737c90e8
outputs_llm_matrix_v2\qwen-max_hard\llm_agent_temperature.csv,75996,28af32c415e47d26fafb68d6162cb299
outputs_llm_matrix_v2\qwen-max_hard\llm_agent_temperature_demo.html,125443,b1054cee892e1b7333c46ec7667dd319
outputs_llm_matrix_v2\qwen-max_hard\llm_agent_trace.csv,1551,ebbbf64c7d06dea74e0ab2418a5ec70e
outputs_llm_matrix_v2\qwen-max_std\llm_agent_summary.json,1555,98e4065a7764c26039863c7c6ff02881
outputs_llm_matrix_v2\qwen-max_std\llm_agent_temperature.csv,76157,04e3e9033202ae9b31afd113b0f9fe5e
outputs_llm_matrix_v2\qwen-max_std\llm_agent_temperature_demo.html,125682,15f36d87901364e3939f1620e0a5fca8
outputs_llm_matrix_v2\qwen-max_std\llm_agent_trace.csv,1840,e993d5385971cf4be27f68e3b2d83deb
outputs_llm_matrix_v2\qwen-plus_hard\llm_agent_summary.json,1642,cc64a7adc54c3fdb30baf0932f47b3c1
outputs_llm_matrix_v2\qwen-plus_hard\llm_agent_temperature.csv,75996,28af32c415e47d26fafb68d6162cb299
outputs_llm_matrix_v2\qwen-plus_hard\llm_agent_temperature_demo.html,125055,1b1bd9f7789682a310ab4cfc80a3ed2e
outputs_llm_matrix_v2\qwen-plus_hard\llm_agent_trace.csv,1273,1eecf5d4606954660bac5da0b77f7470
outputs_llm_matrix_v2\qwen-plus_std\llm_agent_summary.json,1584,ba242fb5d5870b5afd68456e0402545b
outputs_llm_matrix_v2\qwen-plus_std\llm_agent_temperature.csv,56419,3562d237a43793961ca7ac0e7a83cf8f
outputs_llm_matrix_v2\qwen-plus_std\llm_agent_temperature_demo.html,119554,a7dd9add3f70cca83b8c5a0bb96cc9cf
outputs_llm_matrix_v2\qwen-plus_std\llm_agent_trace.csv,1804,054fa6af5b779420175e0cada470d55c
outputs_llm_matrix_v2\qwen-turbo_hard\llm_agent_summary.json,1481,c989de1794ac455c6855604573375e51
outputs_llm_matrix_v2\qwen-turbo_hard\llm_agent_temperature.csv,62086,12dfcb8ca99aefbd4293b80fbde68d31
outputs_llm_matrix_v2\qwen-turbo_hard\llm_agent_temperature_demo.html,117895,a2f341cf247e669b4f4701a2c1489933
outputs_llm_matrix_v2\qwen-turbo_hard\llm_agent_trace.csv,1486,22570da929a3d8daa7e17252efda7dd1
outputs_llm_matrix_v2\qwen-turbo_std\llm_agent_summary.json,1600,0fbc185f8c0dfd28a9ffa43d82022c9d
outputs_llm_matrix_v2\qwen-turbo_std\llm_agent_temperature.csv,76157,04e3e9033202ae9b31afd113b0f9fe5e
outputs_llm_matrix_v2\qwen-turbo_std\llm_agent_temperature_demo.html,125381,32fd895594b947b376f2bbbaa008126f
outputs_llm_matrix_v2\qwen-turbo_std\llm_agent_trace.csv,1606,32b3ee09cb3ae4e933b63b0bd6b46393
outputs_llm_matrix_v3\AGGREGATE_REPORT.md,3048,5b60609e40d4b3828dc5741e38ac8f66
outputs_llm_matrix_v3\matrix_summary.csv,4413,dcb96e48b91695a35a691829a6a4da83
outputs_llm_matrix_v3\qwen-max_hard_r71\llm_agent_summary.json,1750,b78a4f5125205076ad9838a4a2a0e5aa
outputs_llm_matrix_v3\qwen-max_hard_r71\llm_agent_temperature.csv,70781,a1b82861585ea5e0d97378d60dfbf041
outputs_llm_matrix_v3\qwen-max_hard_r71\llm_agent_temperature_demo.html,121215,f11eade7ea92c4fe2817f597ad350b75
outputs_llm_matrix_v3\qwen-max_hard_r71\llm_agent_trace.csv,1983,7496237ec8a68a6b57e95e2bef21926c
outputs_llm_matrix_v3\qwen-max_hard_r72\llm_agent_summary.json,1644,1b6d5d06c1c5d7b6fe98130c6ee36cc1
outputs_llm_matrix_v3\qwen-max_hard_r72\llm_agent_temperature.csv,71278,cf80d977e54f7323481bef2d4d8b022c
outputs_llm_matrix_v3\qwen-max_hard_r72\llm_agent_temperature_demo.html,121077,7aeb74a8e86104133cd9019c4628bf2f
outputs_llm_matrix_v3\qwen-max_hard_r72\llm_agent_trace.csv,1962,59626af00951206582faa02c4103830f
outputs_llm_matrix_v3\qwen-max_hard_r73\llm_agent_summary.json,1745,3abffed455c5fc9acfdd4853d5cb17d5
outputs_llm_matrix_v3\qwen-max_hard_r73\llm_agent_temperature.csv,75829,7dee2c69cb2a413ea0f8132e2842b35d
outputs_llm_matrix_v3\qwen-max_hard_r73\llm_agent_temperature_demo.html,125840,6351310b1787008afd123e77cf5407b9
outputs_llm_matrix_v3\qwen-max_hard_r73\llm_agent_trace.csv,1797,76be4e29a600adcdd794797384823044
outputs_llm_matrix_v3\qwen-max_std_r71\llm_agent_summary.json,1709,5230d2373247e62d303f6eaf5214b391
outputs_llm_matrix_v3\qwen-max_std_r71\llm_agent_temperature.csv,76157,04e3e9033202ae9b31afd113b0f9fe5e
outputs_llm_matrix_v3\qwen-max_std_r71\llm_agent_temperature_demo.html,126061,de93a3a35ce2aaa7a3ffdd73871f9c34
outputs_llm_matrix_v3\qwen-max_std_r71\llm_agent_trace.csv,2067,16daa72dbc4c38fb9fdadfebbf960df5
outputs_llm_matrix_v3\qwen-max_std_r72\llm_agent_summary.json,1671,7372b83bff26db3341f6418a8a882ec0
outputs_llm_matrix_v3\qwen-max_std_r72\llm_agent_temperature.csv,70742,7fc7251d6bab0169f8170c6adfc12410
outputs_llm_matrix_v3\qwen-max_std_r72\llm_agent_temperature_demo.html,120628,62d47eda340849358bfc2c570851c5a4
outputs_llm_matrix_v3\qwen-max_std_r72\llm_agent_trace.csv,1742,673b6e8a6ccc05f3213687d62904f5f2
outputs_llm_matrix_v3\qwen-max_std_r73\llm_agent_summary.json,1661,196b0c55e4bc8f17c32b5902db5bd629
outputs_llm_matrix_v3\qwen-max_std_r73\llm_agent_temperature.csv,76318,a7bf2495f74c4b72e80d52a9b9897283
outputs_llm_matrix_v3\qwen-max_std_r73\llm_agent_temperature_demo.html,126241,b92055970fd833a6c03f8a4e345ef016
outputs_llm_matrix_v3\qwen-max_std_r73\llm_agent_trace.csv,2217,d55098d215ae1082c324b9e5f31babf8
outputs_llm_matrix_v3\qwen-plus_hard_r71\llm_agent_summary.json,1689,63685a172a2906a1e5273bb4a0c5ec72
outputs_llm_matrix_v3\qwen-plus_hard_r71\llm_agent_temperature.csv,75996,28af32c415e47d26fafb68d6162cb299
outputs_llm_matrix_v3\qwen-plus_hard_r71\llm_agent_temperature_demo.html,125219,541ccae0beb1478a721da7a8ac3eb327
outputs_llm_matrix_v3\qwen-plus_hard_r71\llm_agent_trace.csv,1388,a6541e5cf2bc33a51df6632bade7e9e1
outputs_llm_matrix_v3\qwen-plus_hard_r72\llm_agent_summary.json,1636,200f6ea58f8f8e06015a897dd110da91
outputs_llm_matrix_v3\qwen-plus_hard_r72\llm_agent_temperature.csv,75939,0e66d5ccca44bf124c30c42da5c3b4a8
outputs_llm_matrix_v3\qwen-plus_hard_r72\llm_agent_temperature_demo.html,124974,0c3a89bf49177cb277d25dc591aa6af2
outputs_llm_matrix_v3\qwen-plus_hard_r72\llm_agent_trace.csv,1346,631e1f1ab9d5bdf95ca1a248ed7cd741
outputs_llm_matrix_v3\qwen-plus_hard_r73\llm_agent_summary.json,1629,be6b8f6315ccea51ae300750b574a25e
outputs_llm_matrix_v3\qwen-plus_hard_r73\llm_agent_temperature.csv,75829,7dee2c69cb2a413ea0f8132e2842b35d
outputs_llm_matrix_v3\qwen-plus_hard_r73\llm_agent_temperature_demo.html,124892,a31a61ddd789b8e6989318b60f349f40
outputs_llm_matrix_v3\qwen-plus_hard_r73\llm_agent_trace.csv,1267,c2d6c7b9efcc598c29837da41dbacfcb
outputs_llm_matrix_v3\qwen-plus_std_r71\llm_agent_summary.json,1781,009b5a2e57d6bc88279ec7a7e91507a9
outputs_llm_matrix_v3\qwen-plus_std_r71\llm_agent_temperature.csv,71608,54c31b68319b6aa8146736a388fc1899
outputs_llm_matrix_v3\qwen-plus_std_r71\llm_agent_temperature_demo.html,121223,6765808448ecb0aac513f83c7ed51e9c
outputs_llm_matrix_v3\qwen-plus_std_r71\llm_agent_trace.csv,2132,ddf3e227a33b13e112211559cc0d42fc
outputs_llm_matrix_v3\qwen-plus_std_r72\llm_agent_summary.json,1761,e6598d8b1c0d514b06b3a60f583c2f70
outputs_llm_matrix_v3\qwen-plus_std_r72\llm_agent_temperature.csv,76093,13a2a04297667226d966b571a176f18f
outputs_llm_matrix_v3\qwen-plus_std_r72\llm_agent_temperature_demo.html,125141,7eb6d8c8698332597e3d6798614512ab
outputs_llm_matrix_v3\qwen-plus_std_r72\llm_agent_trace.csv,1406,c28ea0125615d8dd0198d0d3f2ff4228
outputs_llm_matrix_v3\qwen-plus_std_r73\llm_agent_summary.json,1645,b6aafafe6aa53699934ec7fe0326bd8c
outputs_llm_matrix_v3\qwen-plus_std_r73\llm_agent_temperature.csv,76318,a7bf2495f74c4b72e80d52a9b9897283
outputs_llm_matrix_v3\qwen-plus_std_r73\llm_agent_temperature_demo.html,124909,dbe386817546dc8e3dc64920dc7e9348
outputs_llm_matrix_v3\qwen-plus_std_r73\llm_agent_trace.csv,1272,4160b2c90c4cbe8f8c338de21462552d
outputs_llm_matrix_v3\qwen-turbo_hard_r71\llm_agent_summary.json,1481,c989de1794ac455c6855604573375e51
outputs_llm_matrix_v3\qwen-turbo_hard_r71\llm_agent_temperature.csv,62086,12dfcb8ca99aefbd4293b80fbde68d31
outputs_llm_matrix_v3\qwen-turbo_hard_r71\llm_agent_temperature_demo.html,117979,774da434e82572ffcce41299132f3fd7
outputs_llm_matrix_v3\qwen-turbo_hard_r71\llm_agent_trace.csv,1572,8553da11fd52a95bca4f5e1e1925537c
outputs_llm_matrix_v3\qwen-turbo_hard_r72\llm_agent_summary.json,1578,b8e0d670979d594352fb562e6abf30a5
outputs_llm_matrix_v3\qwen-turbo_hard_r72\llm_agent_temperature.csv,75939,0e66d5ccca44bf124c30c42da5c3b4a8
outputs_llm_matrix_v3\qwen-turbo_hard_r72\llm_agent_temperature_demo.html,125325,8f2ad5b5d575d69950082151c9ff4b41
outputs_llm_matrix_v3\qwen-turbo_hard_r72\llm_agent_trace.csv,1565,afdbd7fce06cf7f14510b12f38e55cda
outputs_llm_matrix_v3\qwen-turbo_hard_r73\llm_agent_summary.json,1532,2343a13b92a2d66ef7856f324b81e689
outputs_llm_matrix_v3\qwen-turbo_hard_r73\llm_agent_temperature.csv,75829,7dee2c69cb2a413ea0f8132e2842b35d
outputs_llm_matrix_v3\qwen-turbo_hard_r73\llm_agent_temperature_demo.html,125230,6377d0f3264cfc0e3a4dbe7ba8e463e7
outputs_llm_matrix_v3\qwen-turbo_hard_r73\llm_agent_trace.csv,1512,7671fe0b05822c0dd7b7c61dfeed2a45
outputs_llm_matrix_v3\qwen-turbo_std_r71\llm_agent_summary.json,1545,7505b7b246da61db5a85dc8f6e515f5c
outputs_llm_matrix_v3\qwen-turbo_std_r71\llm_agent_temperature.csv,76157,04e3e9033202ae9b31afd113b0f9fe5e
outputs_llm_matrix_v3\qwen-turbo_std_r71\llm_agent_temperature_demo.html,125239,d5e0602accaee4dca668e4a238ef8e9e
outputs_llm_matrix_v3\qwen-turbo_std_r71\llm_agent_trace.csv,1519,08599734613f977ee1b78cbda7c62712
outputs_llm_matrix_v3\qwen-turbo_std_r72\llm_agent_summary.json,1572,4f777627a552399f48edf4d8b56143ac
outputs_llm_matrix_v3\qwen-turbo_std_r72\llm_agent_temperature.csv,76093,13a2a04297667226d966b571a176f18f
outputs_llm_matrix_v3\qwen-turbo_std_r72\llm_agent_temperature_demo.html,125328,e8702fddabf048bc20a64b479c42b5c1
outputs_llm_matrix_v3\qwen-turbo_std_r72\llm_agent_trace.csv,1592,4832b6e215f94f4c5792a58645a18754
outputs_llm_matrix_v3\qwen-turbo_std_r73\llm_agent_summary.json,1559,142fd169717b3e32e7b3282ce1e0eb0d
outputs_llm_matrix_v3\qwen-turbo_std_r73\llm_agent_temperature.csv,76318,a7bf2495f74c4b72e80d52a9b9897283
outputs_llm_matrix_v3\qwen-turbo_std_r73\llm_agent_temperature_demo.html,125003,ace81200abdfe6bcc78ec476ecb05180
outputs_llm_matrix_v3\qwen-turbo_std_r73\llm_agent_trace.csv,1376,fe512e0862a875665050a5beb080ef2a
outputs_review_v3\adaptive_state_spec.csv,1740,0db4aae49f768e728ac05561d69287f5
outputs_review_v3\algorithm_reports\01_zn_reaction_curve.html,1149046,d44158ed048a86b42572ef67a053cf17
outputs_review_v3\algorithm_reports\01_zn_reaction_curve_initial_cooling.png,155127,dccb82b40134db8661b17979388766cd
outputs_review_v3\algorithm_reports\01_zn_reaction_curve_setpoint_step.png,170726,3a78a3a0aa1e563567cbebd6ebb05939
outputs_review_v3\algorithm_reports\01_zn_reaction_curve_sustained_heat.png,179282,0435cf96370bb93cefea8d2b1063df59
outputs_review_v3\algorithm_reports\02_imc.html,1167848,f3c0a4d12b021d7477dcadf5944649ae
outputs_review_v3\algorithm_reports\02_imc_initial_cooling.png,153572,11e2098b3aac787aa1a573911bb05a39
outputs_review_v3\algorithm_reports\02_imc_setpoint_step.png,170813,3563077f68163dfcc7ddeb46881cb442
outputs_review_v3\algorithm_reports\02_imc_sustained_heat.png,193684,84d0d37fef962d983223a42f36c6f515
outputs_review_v3\algorithm_reports\03_bayesian_auto_tune.html,1121240,7fb2674f2df0ccf33f3f076128cabf79
outputs_review_v3\algorithm_reports\03_bayesian_auto_tune_initial_cooling.png,155430,520d3d489f7e95aaacff6798b99ff459
outputs_review_v3\algorithm_reports\03_bayesian_auto_tune_setpoint_step.png,170444,2186860594e099064ee0947bd216e2ad
outputs_review_v3\algorithm_reports\03_bayesian_auto_tune_sustained_heat.png,192886,701b6c86b8c9ac76750d3321e2b95a65
outputs_review_v3\algorithm_reports\04_fnn_self_tuning.html,1321441,1330620a55659691e3ef1159e4ccc9cf
outputs_review_v3\algorithm_reports\04_fnn_self_tuning_initial_cooling.png,177916,8d57e47a8bf69275c73c9b947d9f8932
outputs_review_v3\algorithm_reports\04_fnn_self_tuning_setpoint_step.png,208990,d0779ae3f55687f2f3af1fc6fb47e9af
outputs_review_v3\algorithm_reports\04_fnn_self_tuning_sustained_heat.png,240099,dde90b29632d0c33ae94533bb1edd945
outputs_review_v3\algorithm_reports\05_rl_self_tuning.html,2150022,f546101ca8eb6bf0ed53be323f31f05f
outputs_review_v3\algorithm_reports\05_rl_self_tuning_initial_cooling.png,173139,8ad729225dbfb85c8e266773c6f9ada8
outputs_review_v3\algorithm_reports\05_rl_self_tuning_setpoint_step.png,224869,60b575d14505eacd4e192bed3e57e6cf
outputs_review_v3\algorithm_reports\05_rl_self_tuning_sustained_heat.png,243370,d981df07ac0669633249435ea50e4e46
outputs_review_v3\bayesian_search_history.csv,2571,330f4a4042188d94be607d136da5da92
outputs_review_v3\bayesian_search_trace.png,300479,ab4437a4a838e4962824e42e0049586d
outputs_review_v3\case_initial_cooling.png,191752,a34c495d8a31e6d2cda2df45f1594be5
outputs_review_v3\case_metrics.csv,4774,b00f3f65cd352a1a025556d46ad8c6a9
outputs_review_v3\case_setpoint_step.png,279446,b207a662be52ae0a323234fe49ad4749
outputs_review_v3\case_studies.png,495717,a21a3f00a8a98a2f7bbc2348e49f1680
outputs_review_v3\case_sustained_heat.png,334115,2718a4dca3137921a0159616feddc569
outputs_review_v3\classical_tuning_history.csv,3571514,3c5c9d1000626b5ad61e1ff3018cc5bf
outputs_review_v3\classical_tuning_process.png,331260,f23600f2649af7ee16eb2c05b4414be4
outputs_review_v3\classical_tuning_steps.csv,3970,422babd4f819f5cd05ae28a13d92d524
outputs_review_v3\cross_validation_environment.csv,429,5874fe6b3ffb0c50c034259f273cdc4a
outputs_review_v3\dataset_manifest.csv,15134,84893813cd7c0c72a015e26e5d0e0883
outputs_review_v3\deployment_acceptance.csv,26973,c6fe20840ab9b53f0cfa18cf0125ab69
outputs_review_v3\dynamic_comparison.png,437780,b9c1879b357e20f4e353e50a1f81520f
outputs_review_v3\dynamic_metrics.csv,1837,c7d1d01ea1e69785c9206920a1108bc0
outputs_review_v3\dynamic_timeseries.csv,544365,f1d21e65b88d6c5f2ad1fd4984eea393
outputs_review_v3\engineering_report.html,4993227,3f6bfb479920b1d5d45f6c50f483005f
outputs_review_v3\engineering_report.md,11401,e080991a15f7996bd315fdc1800287e5
outputs_review_v3\esp32_build_validation.md,740,e67bfebd263580af8dd2ccc893565d68
outputs_review_v3\fnn_context_coefficients.npy,192,51011dc7d1bf5717f8f2ae7f99947030
outputs_review_v3\fnn_context_coefficients_candidate.npy,192,51011dc7d1bf5717f8f2ae7f99947030
outputs_review_v3\fnn_rule_table.npy,528,f44ed6774a85eff2dad8fe28c879a42d
outputs_review_v3\fnn_rule_table_candidate.npy,528,f44ed6774a85eff2dad8fe28c879a42d
outputs_review_v3\fnn_training_history.csv,10841,50c75b0372c8ea0519bc87a1a8ce89bf
outputs_review_v3\fnn_training_samples.csv,817576,65d7f99073541169426bf7b7bec78198
outputs_review_v3\fnn_training_trace.png,333925,46ce5cb9ff9df7bcd03cce49b820c8d3
outputs_review_v3\fopdt_cross_validation.csv,682,6a30aeefc5d310d7a59d1ab76c8c6bb5
outputs_review_v3\fopdt_cross_validation.png,255837,baa7a82de8d78a27c007dc31d8960fd1
outputs_review_v3\fopdt_cross_validation_timeseries.csv,362325,1a2f8b12b5a1681ebaeff762b4ec7dc4
outputs_review_v3\fopdt_fit_history.csv,7607,48781548db04acc9c509608829604c2c
outputs_review_v3\global_bayesian_tuning.csv,94,277f59a468be80925eaa1734b9a1bd3b
outputs_review_v3\holdout_metrics.csv,126250,ed7aa6f4254feb09c8c4b95b968aa1e1
outputs_review_v3\holdout_scenarios.csv,30284,bd43f31fb8dab008ad10e1798c0a766b
outputs_review_v3\holdout_summary.csv,3312,74b508bb850b002d020c6b76b35dbf14
outputs_review_v3\imc_lambda_tuning.csv,2298,79cfd406d181db8335447fbca4af6d45
outputs_review_v3\mcu_pc_sil_log.txt,8224,fb742382d33ad2f3d631c48cb2921e2b
outputs_review_v3\mcu_validation_summary.csv,577,9f5679c12aa62f5b8ae091f2fb80b7a4
outputs_review_v3\physical_cross_validation.csv,555,318ad91fc86d0d949c60986e4397f40f
outputs_review_v3\physical_cross_validation.png,332448,7c50dbfda5cf308b9177aa560ee67030
outputs_review_v3\physical_cross_validation_timeseries.csv,81399,18762852484014bbc721477d20c19ddc
outputs_review_v3\policy_manifest_v3.json,7551,a74ae109630554f3ae00680d7265ba82
outputs_review_v3\policy_parity_vectors.csv,9092,24080edfcc65f9f84103f32e20ee4927
outputs_review_v3\report_assets\katex\auto-render.min.js,3486,2499f8f84f6a72af275029af0206a56b
outputs_review_v3\report_assets\katex\fonts\KaTeX_AMS-Regular.ttf,63632,56573229753fad48910bda2ea1a6dd54
outputs_review_v3\report_assets\katex\fonts\KaTeX_AMS-Regular.woff,33516,10824af77e9961cfd548c8a458f10851
outputs_review_v3\report_assets\katex\fonts\KaTeX_AMS-Regular.woff2,28076,66c678209ce93b6e2b583f02ce41529e
outputs_review_v3\report_assets\katex\fonts\KaTeX_Caligraphic-Bold.ttf,12368,497bf407c4c609c6cf1f1ad38f437f7f
outputs_review_v3\report_assets\katex\fonts\KaTeX_Caligraphic-Bold.woff,7716,de2ba279933d60f7819ff61f71c17bed
outputs_review_v3\report_assets\katex\fonts\KaTeX_Caligraphic-Bold.woff2,6912,a9e9b0953b078cd40f5e19ef4face6fc
outputs_review_v3\report_assets\katex\fonts\KaTeX_Caligraphic-Regular.ttf,12344,e6fb499fc8f9925eea3138cccba17fff
outputs_review_v3\report_assets\katex\fonts\KaTeX_Caligraphic-Regular.woff,7656,a25140fbe6692bffe71a2ab861572eb3
outputs_review_v3\report_assets\katex\fonts\KaTeX_Caligraphic-Regular.woff2,6908,08d95d99bf4a2b2dc7a876653857f154
outputs_review_v3\report_assets\katex\fonts\KaTeX_Fraktur-Bold.ttf,19584,b9d7c4497cab3702487214651ab03744
outputs_review_v3\report_assets\katex\fonts\KaTeX_Fraktur-Bold.woff,13296,40934fc076960bb989d590db044fef62
outputs_review_v3\report_assets\katex\fonts\KaTeX_Fraktur-Bold.woff2,11348,796f3797cdf36fcaea18c3070a608378
outputs_review_v3\report_assets\katex\fonts\KaTeX_Fraktur-Regular.ttf,19572,97a699d83318e9334a0deaea6ae5eda2
outputs_review_v3\report_assets\katex\fonts\KaTeX_Fraktur-Regular.woff,13208,e435cda5784e21b26ab2d03fbcb56a99
outputs_review_v3\report_assets\katex\fonts\KaTeX_Fraktur-Regular.woff2,11316,f9e6a99f4a543b7d6cad1efb6cf1e4b1
outputs_review_v3\report_assets\katex\fonts\KaTeX_Main-Bold.ttf,51336,8e431f7ece346b6282dae3d9d0e7a970
outputs_review_v3\report_assets\katex\fonts\KaTeX_Main-Bold.woff,29912,4cdba6465ab9fac5d3833c6cdba7a8c3
outputs_review_v3\report_assets\katex\fonts\KaTeX_Main-Bold.woff2,25324,a9382e25bcf75d856718fcef54d7acdb
outputs_review_v3\report_assets\katex\fonts\KaTeX_Main-BoldItalic.ttf,32968,52fb39b0434c463d5df32419608ab08a
outputs_review_v3\report_assets\katex\fonts\KaTeX_Main-BoldItalic.woff,19412,5f875f986a9bce1264e8c42417b56f74
outputs_review_v3\report_assets\katex\fonts\KaTeX_Main-BoldItalic.woff2,16780,d873734390c716d6e18ff3f71ac6eb8b
outputs_review_v3\report_assets\katex\fonts\KaTeX_Main-Italic.ttf,33580,39349e0a2b366f38e2672b45aded2030
outputs_review_v3\report_assets\katex\fonts\KaTeX_Main-Italic.woff,19676,8ffd28f6390231548ead99d7835887fa
outputs_review_v3\report_assets\katex\fonts\KaTeX_Main-Italic.woff2,16988,652970624cde999882102fa2b6a8871f
outputs_review_v3\report_assets\katex\fonts\KaTeX_Main-Regular.ttf,53580,818582dae57e6fac46202cfd844afabb
outputs_review_v3\report_assets\katex\fonts\KaTeX_Main-Regular.woff,30772,f1cdb692ee31c10b37262caffced5271
outputs_review_v3\report_assets\katex\fonts\KaTeX_Main-Regular.woff2,26272,f8a7f19f45060f7a177314855b8c7aa3
outputs_review_v3\report_assets\katex\fonts\KaTeX_Math-BoldItalic.ttf,31196,6589c4f1f587f73f0ad0af8ae35ccb53
outputs_review_v3\report_assets\katex\fonts\KaTeX_Math-BoldItalic.woff,18668,48155e43d9a284b54753e50e4ba586dc
outputs_review_v3\report_assets\katex\fonts\KaTeX_Math-BoldItalic.woff2,16400,1320454d951ec809a7dbccb4f23fccf0
outputs_review_v3\report_assets\katex\fonts\KaTeX_Math-Italic.ttf,31308,fe5ed5875d95b18c98546cb4f47304ff
outputs_review_v3\report_assets\katex\fonts\KaTeX_Math-Italic.woff,18748,ed7aea12d765f9e2d0f9bc7fa2be626c
outputs_review_v3\report_assets\katex\fonts\KaTeX_Math-Italic.woff2,16440,d8b7a801bd87b324efcbae7394119c24
outputs_review_v3\report_assets\katex\fonts\KaTeX_SansSerif-Bold.ttf,24504,f2ac73121357210d91e5c3eaa42f72ea
outputs_review_v3\report_assets\katex\fonts\KaTeX_SansSerif-Bold.woff,14408,0e897d27f063facef504667290e408bd
outputs_review_v3\report_assets\katex\fonts\KaTeX_SansSerif-Bold.woff2,12216,ad546b4719bcf690a3604944b90b7e42
outputs_review_v3\report_assets\katex\fonts\KaTeX_SansSerif-Italic.ttf,22364,f60b4a34842bb524b562df092917a542
outputs_review_v3\report_assets\katex\fonts\KaTeX_SansSerif-Italic.woff,14112,ef725de572b71381dccf53918e300744
outputs_review_v3\report_assets\katex\fonts\KaTeX_SansSerif-Italic.woff2,12028,e934cbc86e2d59ceaf04102c43dc0b50
outputs_review_v3\report_assets\katex\fonts\KaTeX_SansSerif-Regular.ttf,19436,3243452ee6817acd761c9757aef93c29
outputs_review_v3\report_assets\katex\fonts\KaTeX_SansSerif-Regular.woff,12316,5f8637ee731482c44a37789723f5e499
outputs_review_v3\report_assets\katex\fonts\KaTeX_SansSerif-Regular.woff2,10344,1ac3ed6ebe34e473519ca1da86f7a384
outputs_review_v3\report_assets\katex\fonts\KaTeX_Script-Regular.ttf,16648,a189c37d73ffce63464635dc12cbbc96
outputs_review_v3\report_assets\katex\fonts\KaTeX_Script-Regular.woff,10588,a82fa2a7e18b8c7a1a9f6069844ebfb9
outputs_review_v3\report_assets\katex\fonts\KaTeX_Script-Regular.woff2,9644,1b3161eb8cc67462d6e8c2fb96c68507
outputs_review_v3\report_assets\katex\fonts\KaTeX_Size1-Regular.ttf,12228,0d8d9204004bdf126342605f7bbdffe6
outputs_review_v3\report_assets\katex\fonts\KaTeX_Size1-Regular.woff,6496,4788ba5b6247e336f734b742fe9900d5
outputs_review_v3\report_assets\katex\fonts\KaTeX_Size1-Regular.woff2,5468,82ef26dc680ba60d884e051c73d9a42d
outputs_review_v3\report_assets\katex\fonts\KaTeX_Size2-Regular.ttf,11508,1fdda0e59ed35495ebac28badf210574
outputs_review_v3\report_assets\katex\fonts\KaTeX_Size2-Regular.woff,6188,b0628bfd27c979a09f702a2277979888
outputs_review_v3\report_assets\katex\fonts\KaTeX_Size2-Regular.woff2,5208,95a1da914c20455a07b7c9e2dcf2836d
outputs_review_v3\report_assets\katex\fonts\KaTeX_Size3-Regular.ttf,7588,963af864cbb10611ba33267ba7953777
outputs_review_v3\report_assets\katex\fonts\KaTeX_Size3-Regular.woff,4420,4de844d4552e941f6b9c38837a8d487b
outputs_review_v3\report_assets\katex\fonts\KaTeX_Size3-Regular.woff2,3624,9108a400f4787cffdcc3a3b813401e6a
outputs_review_v3\report_assets\katex\fonts\KaTeX_Size4-Regular.ttf,10364,27a23ee69999affa55491c7dab8e53bf
outputs_review_v3\report_assets\katex\fonts\KaTeX_Size4-Regular.woff,5980,3045a61f722bc4b198450ce69b3e3824
outputs_review_v3\report_assets\katex\fonts\KaTeX_Size4-Regular.woff2,4928,61522cd3d9043622e235ab57762754f2
outputs_review_v3\report_assets\katex\fonts\KaTeX_Typewriter-Regular.ttf,27556,6bf4287568e1d3004b54d5d60f9f08f9
outputs_review_v3\report_assets\katex\fonts\KaTeX_Typewriter-Regular.woff,16028,0e0460587676d22eae09accd6dcfebc6
outputs_review_v3\report_assets\katex\fonts\KaTeX_Typewriter-Regular.woff2,13568,b8b8393d2e65fcebda5fa99fa3264f41
outputs_review_v3\report_assets\katex\katex.min.css,24728,f135708cdeb09e80a2c4125b22d30bd5
outputs_review_v3\report_assets\katex\katex.min.js,272179,45d69fd6e087c760434078d3cd280f04
outputs_review_v3\report_assets\katex\katex.mjs,618249,77f0b0bee07ec70cd349c543fe21c1fa
outputs_review_v3\review_defect_matrix.csv,2446,94bc69ad8e08376a41b53c6b24ddf1f8
outputs_review_v3\review_remediation.md,2730,02f4f7335545f05d1c93ef8e726b9373
outputs_review_v3\rl_q_table.npy,5528,a579dbaa5bb0ed2dd271c5ef22fe83f7
outputs_review_v3\rl_q_table_candidate.npy,5528,a579dbaa5bb0ed2dd271c5ef22fe83f7
outputs_review_v3\rl_training_history.csv,188823,3f414c3343ccb5865c21c953c094ff20
outputs_review_v3\rl_training_trace.png,939500,bd33dc7f1963b5161cafda1aed2bda0b
outputs_review_v3\rl_training_transitions.csv,7688823,c56d0e5409048bf9878557ebfb85bef9
outputs_review_v3\training_convergence_overview.png,168127,1e16a636da9fc9dc8892d8630948ad74
outputs_review_v3\training_labels.csv,16103,a32b4c9ece1f24406a8f9954d1bbcc8e
outputs_review_v3\training_labels.png,109642,340f147db4b7678720fdaed21b7361a7
outputs_review_v3\training_scenarios.csv,18545,20f7ec04733374576dea2a473ac9d4e6
outputs_review_v3\validation_scenarios.csv,6509,e65c7ef3bf9b7a052394e78f3c6a0907
outputs_tuning_benchmark\imc_lambda_candidates.csv,2306,afcafe1fbbb399fd0aea5090ea7fe9e8
outputs_tuning_benchmark\tuning_method_summary.csv,1120,8e712b59835091b401a89ad9b35ed0cb
outputs_tuning_benchmark\tuning_runtime.png,68343,c9528dc63677b7e3519627e27da5b411
outputs_tuning_benchmark\tuning_runtime_report.md,1507,6d9064a188ec78a6810d7b8ecbe87933
outputs_tuning_benchmark\tuning_stage_times.csv,580,b7d3aef816ea61be3820c146da1f4ee9
pyproject.toml,498,e01b49f9eca3b08317c7493e8f25dd30
pytest.ini,72,85a8c71989e2755729fa61628bff88cb
README.md,16809,5f6e9adc2df02c36d27544445d25c391
render_report.py,2898,09590e170652a4e0657440cceff81afc
reports\AI-PI整定_汇报slides.pptx,1777679,be7dc2f3824b57920c671487223127ab
reports\check_math.py,1806,a273b7ba99cd3cda8466b3860c8012b9
reports\dump_s4_numbers.py,18496,ae236eaca404eb3de25a050b33e5030d
reports\figures\fig03_zn_fopdt辨识.png,123247,1b350cc35522fe39764e0d0ab68d981d
reports\figures\fig04_imc_lambda扫描.png,110199,ee92f57dbea285ab5671cdd527ee15fc
reports\figures\fig05_bo搜索轨迹.png,99859,29adf8000e68b69f34b129510214147b
reports\figures\fig06_安全bo风险搜索.png,100349,52699120733d0f945f9c265df60bcfbc
reports\figures\fig07_llm工具调用轨迹.png,128231,8da530cadeb6e60ad805d4e57947243f
reports\figures\fig08_fnn训练收敛.png,131523,d895469e5da601055e4fd5d44bcdfccd
reports\figures\fig09_rl训练收敛.png,213660,72618eac34d08d0f9b8a9b4672f878ea
reports\figures\fig10_整定耗时对比.png,115198,77f94a214c4a3ade0776f8cb9eb50a80
reports\figures\fig11_控制性能对比.png,83798,e935162af23ccd72f265d6715c836c31
reports\figures\fig12_工况一_ZN.png,139520,477878d8097a577ceba3d1dc1705ef0b
reports\figures\fig13_工况一_IMC.png,132791,6d264cf951d153e939c94855a7bce099
reports\figures\fig14_工况一_BO.png,137262,02ba61f2262156bc32c627758856ca14
reports\figures\fig15_工况一_FNN.png,130588,eac286134ae07a4ef5c8a6c341576fbe
reports\figures\fig16_工况一_RL.png,130372,fc6a95a4777ef7bf899f8776225eb20a
reports\figures\fig17_工况二_ZN.png,156341,1900410c6dbfb51ada56193adc58d007
reports\figures\fig18_工况二_IMC.png,150948,2935024cbb81a7526136c37a86e4c36e
reports\figures\fig19_工况二_BO.png,153062,ddc2b5e0a237cbef8179695ca2ea21dd
reports\figures\fig1_系统结构框图.png,198023,baa266a8eee37797e5439f9adc8c5be4
reports\figures\fig20_工况二_FNN.png,149005,4193a8c652969707b0c67ce27214d592
reports\figures\fig21_工况二_RL.png,152510,ce088429ed794e48b87d81edce6e7524
reports\figures\fig22_工况三_ZN.png,163513,777c8bf4fb11c700d21bc30e5ec134fc
reports\figures\fig23_工况三_IMC.png,167255,0e4f823aa4b5148ed888b05006ba69be
reports\figures\fig24_工况三_BO.png,168690,3c184fb0dff8bd5d725c6532c037bb60
reports\figures\fig25_工况三_FNN.png,163323,082fa798a9c65c7e3afb663ee35e764c
reports\figures\fig26_工况三_RL.png,169869,61b861e8f2ad74b5d464e0cfe4e6acc1
reports\figures\fig27_七算法统一演示.png,245097,f7bcd1c6088338d0512d93163fd114d5
reports\figures\fig2_实验流程框图.png,244613,26707dff43a1b2a352cdd741b68bef0b
reports\make_case_figures.py,12014,2dbb6d5c121a3fcdc2b2b7553a47bdd1
reports\make_figures.py,16244,a865e2feed50c494ea5e4c2ea9f4811e
reports\make_outline_docx.py,6766,dd7cf7b2baaaf66ba693df184f3971b6
reports\make_s4_figures.py,13079,1b2d1c53f5cd08c18113f47c411965dc
reports\make_slides.py,48548,4b284849f422754402c0b4d14d157e6e
reports\make_subreport_figures.py,33163,118cec7bd0a8b8fc7e39bc64baad2667
reports\make_tuning_figures.py,15021,bc2069c38bd7365765744017121afb57
reports\md2docx.py,12480,7455f86ae62a537e60e6d41febc7e27c
reports\分报告\00_总览与阅读指引.docx,407892,ddff2d29b5bbd92c2b73a4187bba49e1
reports\分报告\00_总览与阅读指引.md,15485,58efdd293402f7aa1dfbaf32ba4f45f8
reports\分报告\01_被控对象建模与FOPDT辨识.docx,1081999,73ddea30d80abc9253df4cd74c253342
reports\分报告\01_被控对象建模与FOPDT辨识.md,19395,8ffec3d0650e9012714aceca3a0c329b
reports\分报告\02_算法报告_Z-N反应曲线法.docx,805321,ea10ad6311b0e23b810496941087f6c0
reports\分报告\02_算法报告_Z-N反应曲线法.md,6324,1c0842b1b1f77984713895b54b678805
reports\分报告\03_算法报告_IMC-λ内模控制.docx,894900,82db719785574ef6657942e01287b729
reports\分报告\03_算法报告_IMC-λ内模控制.md,8448,bac4e365436c7be742b26247cb2f707d
reports\分报告\04_算法报告_贝叶斯BO自动整定.docx,936071,e08a06d62f576f0abd95adb66c9b6af7
reports\分报告\04_算法报告_贝叶斯BO自动整定.md,17845,aa67f7b3b34ead308e82b2260fd3bfcf
reports\分报告\05_算法报告_风险感知安全BO.docx,1017307,308af9ce1da7e5849fb58547ef562b4f
reports\分报告\05_算法报告_风险感知安全BO.md,21261,af7085343b44db6fb6c728987d55d31b
reports\分报告\06_算法报告_LLM-Agent工具调用整定.docx,951437,914c17e81dce0b47ca99f63cf4491009
reports\分报告\06_算法报告_LLM-Agent工具调用整定.md,11090,8f7a5fd72e46d83c6f0cba03a0719173
reports\分报告\07_算法报告_FNN在线自整定.docx,923714,11e5a88d47c12409ebdd99dc43e148ed
reports\分报告\07_算法报告_FNN在线自整定.md,9295,2f711ac1c58eddb70bec350d8c506e0f
reports\分报告\08_算法报告_RL在线自整定.docx,1019978,5f00bc1d4197b26c1234ee4126791e9b
reports\分报告\08_算法报告_RL在线自整定.md,10646,e7835d5ccf566322d05cf2f78d3f4a64
reports\分报告\data\supplement_metrics.json,3817,970f4307a05c5295c67154e1f7e35477
reports\分报告\figures\fig04_imc_lambda扫描.png,110199,ee92f57dbea285ab5671cdd527ee15fc
reports\分报告\figures\fig05_bo搜索轨迹.png,99859,29adf8000e68b69f34b129510214147b
reports\分报告\figures\fig06_安全bo风险搜索.png,100349,52699120733d0f945f9c265df60bcfbc
reports\分报告\figures\fig07_llm工具调用轨迹.png,128231,8da530cadeb6e60ad805d4e57947243f
reports\分报告\figures\fig08_fnn训练收敛.png,131523,d895469e5da601055e4fd5d44bcdfccd
reports\分报告\figures\fig09_rl训练收敛.png,213660,72618eac34d08d0f9b8a9b4672f878ea
reports\分报告\figures\fig12_工况一_ZN.png,139520,477878d8097a577ceba3d1dc1705ef0b
reports\分报告\figures\fig13_工况一_IMC.png,132791,6d264cf951d153e939c94855a7bce099
reports\分报告\figures\fig14_工况一_BO.png,137262,02ba61f2262156bc32c627758856ca14
reports\分报告\figures\fig15_工况一_FNN.png,130588,eac286134ae07a4ef5c8a6c341576fbe
reports\分报告\figures\fig16_工况一_RL.png,130372,fc6a95a4777ef7bf899f8776225eb20a
reports\分报告\figures\fig17_工况二_ZN.png,156341,1900410c6dbfb51ada56193adc58d007
reports\分报告\figures\fig18_工况二_IMC.png,150948,2935024cbb81a7526136c37a86e4c36e
reports\分报告\figures\fig19_工况二_BO.png,153062,ddc2b5e0a237cbef8179695ca2ea21dd
reports\分报告\figures\fig1_系统结构框图.png,198023,baa266a8eee37797e5439f9adc8c5be4
reports\分报告\figures\fig20_工况二_FNN.png,149005,4193a8c652969707b0c67ce27214d592
reports\分报告\figures\fig21_工况二_RL.png,152510,ce088429ed794e48b87d81edce6e7524
reports\分报告\figures\fig22_工况三_ZN.png,163513,777c8bf4fb11c700d21bc30e5ec134fc
reports\分报告\figures\fig23_工况三_IMC.png,167255,0e4f823aa4b5148ed888b05006ba69be
reports\分报告\figures\fig24_工况三_BO.png,168690,3c184fb0dff8bd5d725c6532c037bb60
reports\分报告\figures\fig25_工况三_FNN.png,163323,082fa798a9c65c7e3afb663ee35e764c
reports\分报告\figures\fig26_工况三_RL.png,169869,61b861e8f2ad74b5d464e0cfe4e6acc1
reports\分报告\figures\fig_case1_llm.png,139692,f9b6003dedd30b4ecc1cd704a4e30f2f
reports\分报告\figures\fig_case1_safebo.png,144042,29114f94106094bb5cb8f691eb49abf6
reports\分报告\figures\fig_case2_llm.png,174261,498775df3fd86b7e4af873f853ce3b2a
reports\分报告\figures\fig_case2_safebo.png,178476,1c4fb04460fe7a5c9b948013850ba102
reports\分报告\figures\fig_case3_llm.png,204534,46f06dc90c7e0896c8dbfa9f74cc6ca3
reports\分报告\figures\fig_case3_safebo.png,211637,cac4cc39bdf55da44998c8681b498079
reports\分报告\figures\fig_flow_bo.png,111211,da07dc574281fc9c571f99f9a9050795
reports\分报告\figures\fig_flow_fnn.png,161093,b9760c3b091e201b7ac06fab02bd8b59
reports\分报告\figures\fig_flow_imc.png,118770,0e6e9239ddd53c22d8aaab19a561fa37
reports\分报告\figures\fig_flow_llm.png,132523,64107bde81efcf2e04fa5f193e9b544a
reports\分报告\figures\fig_flow_rl.png,161220,60a60467580b4888b6dd78f9f97855b8
reports\分报告\figures\fig_flow_safebo.png,121194,32f106a1830e4f2a509f72c5d9a827fe
reports\分报告\figures\fig_flow_zn.png,101223,57c2d3dc3b0cbebcb5a279e772f4ff0e
reports\分报告\figures\fig_fnn_rule_table.png,355295,83d6a2d6b8d27c58fbfebe6a30f87f6a
reports\分报告\figures\fig_fopdt_crossval.png,274845,13c704faec1e83b4d3838fd109618e56
reports\分报告\figures\fig_fopdt_fit_3cases.png,199097,79c18b44ea13d74f70572b885b821a3e
reports\分报告\figures\fig_fopdt_fit_convergence.png,110058,51a9aa036e08188c5dd47eb7959205df
reports\分报告\figures\fig_fopdt_two_point_failure.png,262430,2ef7ba544626bd2f0ae7917c77fd5e99
reports\分报告\figures\fig_mixed_bo.png,197649,672ef9d941346e94c560b6893683e5e0
reports\分报告\figures\fig_mixed_fnn.png,183744,b13c346da38169f12ecd82a220ac3985
reports\分报告\figures\fig_mixed_imc.png,189723,890dc6d55d8f2c930baa34f358f9673d
reports\分报告\figures\fig_mixed_llm.png,172955,1cb6985096363f61536c7b4996754051
reports\分报告\figures\fig_mixed_rl.png,187410,6b35d6ead4e7c931472a3276f0447d40
reports\分报告\figures\fig_mixed_safebo.png,175862,613d22304b4b7ff4219789a36789232a
reports\分报告\figures\fig_mixed_zn.png,205706,4024f7cbbb67eb73ec500003a7a2e02c
reports\分报告\figures\fig_objective_breakdown.png,191264,578f39732ef6a9c48e3979ab9241baf4
reports\分报告\figures\fig_rl_q_evolution.png,473590,c86a437234ba1f73ca40dd3bada6d775
reports\实验报告_AI-PI整定.docx,4183439,f642f918db94edf3a95e131252499a5c
reports\实验报告_AI-PI整定.md,46619,ad4d0217c4c330ea43b0eff97aa22cbf
reports\实验报告_AI-PI整定.new.docx,4184390,896902bd806700451a5db17b45284d01
reports\实验报告_AI-PI整定_v2.docx,4184482,f61b8f0b01026f7a5f487b6c4503b62c
reports\实验报告_AI自动整定.md,13464,a0d547d16d3b07494b551cd8d71debc0
reports\实验报告生成.docx,45609,50b358d1e07c46f90cf7e8bb6a6cd544
reports\实验报告生成.md,15876,53a5b4680d9ee297f1a516586b238032
reports\项目全景汇报_结构与算法流程.md,17714,085ff9bb916989b47fc809e5a61fa9fa
requirements.txt,155,83f9bf4c5d2b10e254606f686ba33061
RESULTS.md,2840,d0a90323d9b9293d879bdd203d83477a
REVIEW_DEFECTS.md,10461,8a78fe3c52bb1561de9d1632ccd926c3
REVIEW_RESPONSE.md,8553,eb88bdb24d3684c35e27516a3e0fcb9a
run_advanced_tuning_benchmark.py,9014,a8478ee80380b801c1d642c6f9183855
run_cross_validation.py,2039,fc1f1d7ba033a75ff765b953b4f78876
run_embedded_demo.py,3838,77b639c7585491356dea20c1ae4d0f25
run_llm_agent_demo.py,2831,020b126dcd20cc1d069d5add5fe774b3
run_openmodelica_validation.bat,317,bc1463a604a616b8e82dab373d9ff0a7
run_quick_demo.bat,277,45fd2c9f428ef7e412a025c426189d54
run_tuning_benchmark.py,11576,19f0211949f60c630e2b308b38dcbaf1
SOTA_LLM_PI_TUNING.md,9918,a23af63567046a6883071236936d1e26
streamlit_app.py,11202,c30ef23bb0ae6c521cd70b8808a1c6a5
tests\__pycache__\test_advanced_tuning.cpython-311-pytest-7.4.0.pyc,56466,6c0813b657564a9aa1fd69ee3fd2ecb8
tests\__pycache__\test_demo.cpython-311-pytest-7.4.0.pyc,18804,c37a8d47cddc82eb78df3470433d9d7e
tests\__pycache__\test_embedded_demo.cpython-311-pytest-7.4.0.pyc,33407,c91ed2bd662a51c74576aa7dadf8beeb
tests\__pycache__\test_env_loader.cpython-311-pytest-7.4.0.pyc,4226,aff161fdad0abefca7c1284e07068062
tests\__pycache__\test_llm_matrix_aggregate.cpython-311-pytest-7.4.0.pyc,10665,a05d08347eeb83dfbf73a79e47d9b7a3
tests\__pycache__\test_review_v3.cpython-311-pytest-7.4.0.pyc,24202,9233a96805ae5f5031726fe0e29b5822
tests\check_interactive_html.mjs,2647,872dcf3ae644ca132468b9babde44d89
tests\test_advanced_tuning.py,11893,0c66dcef7b5ce39e08ee758021e25924
tests\test_demo.py,10056,592a56e51010809809e32ebeeb7458c2
tests\test_embedded_demo.py,6105,aeef62173814fef825ec8a9c0f329f87
tests\test_env_loader.py,887,9eb2e28d5ce7aa9e6fe6aa38b7a90648
tests\test_llm_matrix_aggregate.py,2685,2704e6d2b20ab1c32ef64ef16c372a44
tests\test_review_v3.py,5343,cc9cf37a3f742b9bc356202c2d3f8492
tests\validate_report_formulas.mjs,2081,d73498dbf6390f8aed214a323833090c
vendor\katex\auto-render.min.js,3486,2499f8f84f6a72af275029af0206a56b
vendor\katex\fonts\KaTeX_AMS-Regular.ttf,63632,56573229753fad48910bda2ea1a6dd54
vendor\katex\fonts\KaTeX_AMS-Regular.woff,33516,10824af77e9961cfd548c8a458f10851
vendor\katex\fonts\KaTeX_AMS-Regular.woff2,28076,66c678209ce93b6e2b583f02ce41529e
vendor\katex\fonts\KaTeX_Caligraphic-Bold.ttf,12368,497bf407c4c609c6cf1f1ad38f437f7f
vendor\katex\fonts\KaTeX_Caligraphic-Bold.woff,7716,de2ba279933d60f7819ff61f71c17bed
vendor\katex\fonts\KaTeX_Caligraphic-Bold.woff2,6912,a9e9b0953b078cd40f5e19ef4face6fc
vendor\katex\fonts\KaTeX_Caligraphic-Regular.ttf,12344,e6fb499fc8f9925eea3138cccba17fff
vendor\katex\fonts\KaTeX_Caligraphic-Regular.woff,7656,a25140fbe6692bffe71a2ab861572eb3
vendor\katex\fonts\KaTeX_Caligraphic-Regular.woff2,6908,08d95d99bf4a2b2dc7a876653857f154
vendor\katex\fonts\KaTeX_Fraktur-Bold.ttf,19584,b9d7c4497cab3702487214651ab03744
vendor\katex\fonts\KaTeX_Fraktur-Bold.woff,13296,40934fc076960bb989d590db044fef62
vendor\katex\fonts\KaTeX_Fraktur-Bold.woff2,11348,796f3797cdf36fcaea18c3070a608378
vendor\katex\fonts\KaTeX_Fraktur-Regular.ttf,19572,97a699d83318e9334a0deaea6ae5eda2
vendor\katex\fonts\KaTeX_Fraktur-Regular.woff,13208,e435cda5784e21b26ab2d03fbcb56a99
vendor\katex\fonts\KaTeX_Fraktur-Regular.woff2,11316,f9e6a99f4a543b7d6cad1efb6cf1e4b1
vendor\katex\fonts\KaTeX_Main-Bold.ttf,51336,8e431f7ece346b6282dae3d9d0e7a970
vendor\katex\fonts\KaTeX_Main-Bold.woff,29912,4cdba6465ab9fac5d3833c6cdba7a8c3
vendor\katex\fonts\KaTeX_Main-Bold.woff2,25324,a9382e25bcf75d856718fcef54d7acdb
vendor\katex\fonts\KaTeX_Main-BoldItalic.ttf,32968,52fb39b0434c463d5df32419608ab08a
vendor\katex\fonts\KaTeX_Main-BoldItalic.woff,19412,5f875f986a9bce1264e8c42417b56f74
vendor\katex\fonts\KaTeX_Main-BoldItalic.woff2,16780,d873734390c716d6e18ff3f71ac6eb8b
vendor\katex\fonts\KaTeX_Main-Italic.ttf,33580,39349e0a2b366f38e2672b45aded2030
vendor\katex\fonts\KaTeX_Main-Italic.woff,19676,8ffd28f6390231548ead99d7835887fa
vendor\katex\fonts\KaTeX_Main-Italic.woff2,16988,652970624cde999882102fa2b6a8871f
vendor\katex\fonts\KaTeX_Main-Regular.ttf,53580,818582dae57e6fac46202cfd844afabb
vendor\katex\fonts\KaTeX_Main-Regular.woff,30772,f1cdb692ee31c10b37262caffced5271
vendor\katex\fonts\KaTeX_Main-Regular.woff2,26272,f8a7f19f45060f7a177314855b8c7aa3
vendor\katex\fonts\KaTeX_Math-BoldItalic.ttf,31196,6589c4f1f587f73f0ad0af8ae35ccb53
vendor\katex\fonts\KaTeX_Math-BoldItalic.woff,18668,48155e43d9a284b54753e50e4ba586dc
vendor\katex\fonts\KaTeX_Math-BoldItalic.woff2,16400,1320454d951ec809a7dbccb4f23fccf0
vendor\katex\fonts\KaTeX_Math-Italic.ttf,31308,fe5ed5875d95b18c98546cb4f47304ff
vendor\katex\fonts\KaTeX_Math-Italic.woff,18748,ed7aea12d765f9e2d0f9bc7fa2be626c
vendor\katex\fonts\KaTeX_Math-Italic.woff2,16440,d8b7a801bd87b324efcbae7394119c24
vendor\katex\fonts\KaTeX_SansSerif-Bold.ttf,24504,f2ac73121357210d91e5c3eaa42f72ea
vendor\katex\fonts\KaTeX_SansSerif-Bold.woff,14408,0e897d27f063facef504667290e408bd
vendor\katex\fonts\KaTeX_SansSerif-Bold.woff2,12216,ad546b4719bcf690a3604944b90b7e42
vendor\katex\fonts\KaTeX_SansSerif-Italic.ttf,22364,f60b4a34842bb524b562df092917a542
vendor\katex\fonts\KaTeX_SansSerif-Italic.woff,14112,ef725de572b71381dccf53918e300744
vendor\katex\fonts\KaTeX_SansSerif-Italic.woff2,12028,e934cbc86e2d59ceaf04102c43dc0b50
vendor\katex\fonts\KaTeX_SansSerif-Regular.ttf,19436,3243452ee6817acd761c9757aef93c29
vendor\katex\fonts\KaTeX_SansSerif-Regular.woff,12316,5f8637ee731482c44a37789723f5e499
vendor\katex\fonts\KaTeX_SansSerif-Regular.woff2,10344,1ac3ed6ebe34e473519ca1da86f7a384
vendor\katex\fonts\KaTeX_Script-Regular.ttf,16648,a189c37d73ffce63464635dc12cbbc96
vendor\katex\fonts\KaTeX_Script-Regular.woff,10588,a82fa2a7e18b8c7a1a9f6069844ebfb9
vendor\katex\fonts\KaTeX_Script-Regular.woff2,9644,1b3161eb8cc67462d6e8c2fb96c68507
vendor\katex\fonts\KaTeX_Size1-Regular.ttf,12228,0d8d9204004bdf126342605f7bbdffe6
vendor\katex\fonts\KaTeX_Size1-Regular.woff,6496,4788ba5b6247e336f734b742fe9900d5
vendor\katex\fonts\KaTeX_Size1-Regular.woff2,5468,82ef26dc680ba60d884e051c73d9a42d
vendor\katex\fonts\KaTeX_Size2-Regular.ttf,11508,1fdda0e59ed35495ebac28badf210574
vendor\katex\fonts\KaTeX_Size2-Regular.woff,6188,b0628bfd27c979a09f702a2277979888
vendor\katex\fonts\KaTeX_Size2-Regular.woff2,5208,95a1da914c20455a07b7c9e2dcf2836d
vendor\katex\fonts\KaTeX_Size3-Regular.ttf,7588,963af864cbb10611ba33267ba7953777
vendor\katex\fonts\KaTeX_Size3-Regular.woff,4420,4de844d4552e941f6b9c38837a8d487b
vendor\katex\fonts\KaTeX_Size3-Regular.woff2,3624,9108a400f4787cffdcc3a3b813401e6a
vendor\katex\fonts\KaTeX_Size4-Regular.ttf,10364,27a23ee69999affa55491c7dab8e53bf
vendor\katex\fonts\KaTeX_Size4-Regular.woff,5980,3045a61f722bc4b198450ce69b3e3824
vendor\katex\fonts\KaTeX_Size4-Regular.woff2,4928,61522cd3d9043622e235ab57762754f2
vendor\katex\fonts\KaTeX_Typewriter-Regular.ttf,27556,6bf4287568e1d3004b54d5d60f9f08f9
vendor\katex\fonts\KaTeX_Typewriter-Regular.woff,16028,0e0460587676d22eae09accd6dcfebc6
vendor\katex\fonts\KaTeX_Typewriter-Regular.woff2,13568,b8b8393d2e65fcebda5fa99fa3264f41
vendor\katex\katex.min.css,24728,f135708cdeb09e80a2c4125b22d30bd5
vendor\katex\katex.min.js,272179,45d69fd6e087c760434078d3cd280f04
vendor\katex\katex.mjs,618249,77f0b0bee07ec70cd349c543fe21c1fa
实验报告改进.md,5754,4840cd124db7f25e3e30d276137e101c
改进.md,8176,4bca08389e4359d7ddaac73331f47e4e
