algorithm,display_name,wall_clock_second,simulated_minute,temperature_c,measurement_c,setpoint_c,comfort_low_c,comfort_high_c,requested_command_pct,command_pct,kp,ki,candidate_temperature_c,candidate_kp,candidate_ki,door_open,in_comfort_band,fallback_active,status
rl,RL 冻结策略自整定,0.0,0.0,30.047864772576073,30.000649612314774,24.0,23.5,24.5,100.0,30.0,0.46573764249164507,0.004458988539920897,30.047864772576073,0.46573764249164507,0.004458988539920897,0,0,0,降温中
rl,RL 冻结策略自整定,0.30000000000000004,1.0,30.095247596370523,30.023296845886733,24.0,23.5,24.5,100.0,35.0,0.46573764249164507,0.004458988539920897,30.095247596370523,0.46573764249164507,0.004458988539920897,0,0,0,降温中
rl,RL 冻结策略自整定,0.6000000000000001,2.0,30.14215387577466,30.045812437368298,24.0,23.5,24.5,100.0,40.0,0.4191638782424806,0.004904887393912987,30.14215387577466,0.4191638782424806,0.004904887393912987,0,0,0,降温中
rl,RL 冻结策略自整定,0.9,3.0,30.188588954466,30.076739133332776,24.0,23.5,24.5,100.0,45.0,0.4191638782424806,0.004904887393912987,30.188588954466,0.4191638782424806,0.004904887393912987,0,0,0,降温中
rl,RL 冻结策略自整定,1.2000000000000002,4.0,30.21655294048374,30.12072245569452,24.0,23.5,24.5,100.0,50.0,0.3881147020763709,0.005269713728997424,30.21655294048374,0.3881147020763709,0.005269713728997424,0,0,0,降温中
rl,RL 冻结策略自整定,1.5,5.0,30.21704192209759,30.159473602121036,24.0,23.5,24.5,100.0,55.00000000000001,0.3881147020763709,0.005269713728997424,30.21704192209759,0.3881147020763709,0.005269713728997424,0,0,0,降温中
rl,RL 冻结策略自整定,1.8,6.0,30.19333139459976,30.18326405108936,24.0,23.5,24.5,100.0,60.0,0.3881147020763709,0.005269713728997424,30.19333139459976,0.3881147020763709,0.005269713728997424,0,0,0,降温中
rl,RL 冻结策略自整定,2.1,7.0,30.147794122513012,30.167675335845104,24.0,23.5,24.5,100.0,65.0,0.3881147020763709,0.005269713728997424,30.147794122513012,0.3881147020763709,0.005269713728997424,0,0,0,降温中
rl,RL 冻结策略自整定,2.4000000000000004,8.0,30.082161689834248,30.153451295449024,24.0,23.5,24.5,100.0,70.0,0.3881147020763709,0.005269713728997424,30.082161689834248,0.3881147020763709,0.005269713728997424,0,0,0,降温中
rl,RL 冻结策略自整定,2.6999999999999997,9.0,29.997710121273272,30.125600420262533,24.0,23.5,24.5,100.0,75.0,0.3881147020763709,0.005269713728997424,29.997710121273272,0.3881147020763709,0.005269713728997424,0,0,0,降温中
rl,RL 冻结策略自整定,3.0,10.0,29.895391618633184,30.092831040262837,24.0,23.5,24.5,100.0,80.0,0.3881147020763709,0.005269713728997424,29.895391618633184,0.3881147020763709,0.005269713728997424,0,0,0,降温中
rl,RL 冻结策略自整定,3.3,11.0,29.77592805647627,30.027623969367575,24.0,23.5,24.5,100.0,85.0,0.3881147020763709,0.005269713728997424,29.77592805647627,0.3881147020763709,0.005269713728997424,0,0,0,降温中
rl,RL 冻结策略自整定,3.6,12.0,29.63987733930829,29.93847373098384,24.0,23.5,24.5,100.0,90.0,0.3881147020763709,0.005269713728997424,29.63987733930829,0.3881147020763709,0.005269713728997424,0,0,0,降温中
rl,RL 冻结策略自整定,3.9000000000000004,13.0,29.487680499240597,29.84397619678477,24.0,23.5,24.5,100.0,95.0,0.3881147020763709,0.005269713728997424,29.487680499240597,0.3881147020763709,0.005269713728997424,0,0,0,降温中
rl,RL 冻结策略自整定,4.2,14.0,29.319695125618487,29.72955622400825,24.0,23.5,24.5,100.0,100.0,0.3881147020763709,0.005269713728997424,29.319695125618487,0.3881147020763709,0.005269713728997424,0,0,0,降温中
rl,RL 冻结策略自整定,4.5,15.0,29.136219094746696,29.577715039408012,24.0,23.5,24.5,100.0,100.0,0.3881147020763709,0.005269713728997424,29.136219094746696,0.3881147020763709,0.005269713728997424,0,0,0,降温中
rl,RL 冻结策略自整定,4.800000000000001,16.0,28.93750741578959,29.437769193865083,24.0,23.5,24.5,100.0,100.0,0.3881147020763709,0.005269713728997424,28.93750741578959,0.3881147020763709,0.005269713728997424,0,0,0,降温中
rl,RL 冻结策略自整定,5.1,17.0,28.72378419134193,29.265352486384003,24.0,23.5,24.5,100.0,100.0,0.3881147020763709,0.005269713728997424,28.72378419134193,0.3881147020763709,0.005269713728997424,0,0,0,降温中
rl,RL 冻结策略自整定,5.3999999999999995,18.0,28.495251110950203,29.087665138952275,24.0,23.5,24.5,100.0,100.0,0.3881147020763709,0.005269713728997424,28.495251110950203,0.3881147020763709,0.005269713728997424,0,0,0,降温中
rl,RL 冻结策略自整定,5.7,19.0,28.255094346701096,28.896346786776878,24.0,23.5,24.5,100.0,100.0,0.3881147020763709,0.005269713728997424,28.255094346701096,0.3881147020763709,0.005269713728997424,0,0,0,降温中
rl,RL 冻结策略自整定,6.0,20.0,28.007489356275407,28.669816438208407,24.0,23.5,24.5,100.0,100.0,0.3881147020763709,0.005269713728997424,28.007489356275407,0.3881147020763709,0.005269713728997424,0,0,0,降温中
rl,RL 冻结策略自整定,6.300000000000001,21.0,27.755390456281358,28.465124854436898,24.0,23.5,24.5,100.0,100.0,0.3881147020763709,0.005269713728997424,27.755390456281358,0.3881147020763709,0.005269713728997424,0,0,0,降温中
rl,RL 冻结策略自整定,6.6,22.0,27.50088545144521,28.21508023568876,24.0,23.5,24.5,100.0,100.0,0.3881147020763709,0.005269713728997424,27.50088545144521,0.3881147020763709,0.005269713728997424,0,0,0,降温中
rl,RL 冻结策略自整定,6.8999999999999995,23.0,27.245447304385333,27.98847361512286,24.0,23.5,24.5,100.0,100.0,0.3881147020763709,0.005269713728997424,27.245447304385333,0.3881147020763709,0.005269713728997424,0,0,0,降温中
rl,RL 冻结策略自整定,7.2,24.0,26.990112737844335,27.749358783731054,24.0,23.5,24.5,100.0,100.0,0.3881147020763709,0.005269713728997424,26.990112737844335,0.3881147020763709,0.005269713728997424,0,0,0,降温中
rl,RL 冻结策略自整定,7.5,25.0,26.735608982846262,27.49395135978821,24.0,23.5,24.5,100.0,100.0,0.3881147020763709,0.005269713728997424,26.735608982846262,0.3881147020763709,0.005269713728997424,0,0,0,降温中
rl,RL 冻结策略自整定,7.800000000000001,26.0,26.482443727410757,27.25743867107393,24.0,23.5,24.5,100.0,100.0,0.3881147020763709,0.005269713728997424,26.482443727410757,0.3881147020763709,0.005269713728997424,0,0,0,降温中
rl,RL 冻结策略自整定,8.1,27.0,26.230968949695168,26.990869531336116,24.0,23.5,24.5,100.0,100.0,0.3881147020763709,0.005269713728997424,26.230968949695168,0.3881147020763709,0.005269713728997424,0,0,0,降温中
rl,RL 冻结策略自整定,8.4,28.0,25.981426217623042,26.71938248625517,24.0,23.5,24.5,100.0,100.0,0.3881147020763709,0.005269713728997424,25.981426217623042,0.3881147020763709,0.005269713728997424,0,0,0,降温中
rl,RL 冻结策略自整定,8.7,29.0,25.73397883578364,26.473686422990944,24.0,23.5,24.5,97.31096883939638,97.0,0.3881147020763709,0.005269713728997424,25.73397883578364,0.3881147020763709,0.005269713728997424,0,0,0,降温中
rl,RL 冻结策略自整定,9.0,30.0,25.48873465820182,26.21464263053576,24.0,23.5,24.5,88.4241516735444,92.0,0.3881147020763709,0.005269713728997424,25.48873465820182,0.3881147020763709,0.005269713728997424,0,0,0,降温中
rl,RL 冻结策略自整定,9.3,31.0,25.2457622769364,25.971683663453348,24.0,23.5,24.5,80.03357780800108,87.0,0.3881147020763709,0.005269713728997424,25.2457622769364,0.3881147020763709,0.005269713728997424,0,0,0,降温中
rl,RL 冻结策略自整定,9.600000000000001,32.0,25.00510250969186,25.733291097704157,24.0,23.5,24.5,71.69460663409627,82.0,0.3881147020763709,0.005269713728997424,25.00510250969186,0.3881147020763709,0.005269713728997424,0,0,0,降温中
rl,RL 冻结策略自整定,9.9,33.0,24.768577068836645,25.510842436173725,24.0,23.5,24.5,63.85721774720481,77.0,0.3881147020763709,0.005269713728997424,24.768577068836645,0.3881147020763709,0.005269713728997424,0,0,0,降温中
rl,RL 冻结策略自整定,10.2,34.0,24.53979500011358,25.26036812066518,24.0,23.5,24.5,54.800119231972644,72.0,0.3881147020763709,0.005269713728997424,24.53979500011358,0.3881147020763709,0.005269713728997424,0,0,0,降温中
rl,RL 冻结策略自整定,10.5,35.0,24.322028908398362,25.021550110999982,24.0,23.5,24.5,46.06956882928415,67.0,0.3881147020763709,0.005269713728997424,24.322028908398362,0.3881147020763709,0.005269713728997424,0,1,0,进入目标带
rl,RL 冻结策略自整定,10.799999999999999,36.0,24.117543956176732,24.797154065371746,24.0,23.5,24.5,37.780505761913865,62.0,0.3881147020763709,0.005269713728997424,24.117543956176732,0.3881147020763709,0.005269713728997424,0,1,0,进入目标带
rl,RL 冻结策略自整定,11.1,37.0,23.92789098891449,24.581203097484906,24.0,23.5,24.5,29.705408599678563,57.00000000000001,0.3881147020763709,0.005269713728997424,23.92789098891449,0.3881147020763709,0.005269713728997424,0,1,0,进入目标带
rl,RL 冻结策略自整定,11.4,38.0,23.754114551185054,24.361880975916883,24.0,23.5,24.5,22.05453251764537,52.0,0.42692617228400803,0.004742742356097681,23.754114551185054,0.42692617228400803,0.004742742356097681,0,1,0,进入目标带
rl,RL 冻结策略自整定,11.700000000000001,39.0,23.596900503115464,24.1713725318881,24.0,23.5,24.5,14.002506014512056,47.0,0.42692617228400803,0.004742742356097681,23.596900503115464,0.42692617228400803,0.004742742356097681,0,1,0,进入目标带
rl,RL 冻结策略自整定,12.0,40.0,23.456680772866992,23.96653788469888,24.0,23.5,24.5,4.431820690972009,0.0,0.4696187895124089,0.004268468120487913,23.456680772866992,0.4696187895124089,0.004268468120487913,0,0,0,降温中
rl,RL 冻结策略自整定,12.299999999999999,41.0,23.333707689779764,23.789579439613043,24.0,23.5,24.5,0.0,0.0,0.4696187895124089,0.004268468120487913,23.333707689779764,0.4696187895124089,0.004268468120487913,0,0,0,降温中
rl,RL 冻结策略自整定,12.600000000000001,42.0,23.22810672980247,23.628451463776575,24.0,23.5,24.5,0.0,0.0,0.5165806684636498,0.004053625945382633,23.22810672980247,0.5165806684636498,0.004053625945382633,0,0,0,降温中
rl,RL 冻结策略自整定,12.9,43.0,23.13991394077243,23.49074643005859,24.0,23.5,24.5,0.0,0.0,0.5165806684636498,0.004053625945382633,23.13991394077243,0.5165806684636498,0.004053625945382633,0,0,0,降温中
rl,RL 冻结策略自整定,13.2,44.0,23.094309741313428,23.381793784178033,24.0,23.5,24.5,0.0,0.0,0.5174862694351612,0.004053625945382633,23.094309741313428,0.5174862694351612,0.004053625945382633,0,0,0,降温中
rl,RL 冻结策略自整定,13.5,45.0,23.09663398671629,23.286220047164907,24.0,23.5,24.5,0.0,0.0,0.5174862694351612,0.004053625945382633,23.09663398671629,0.5174862694351612,0.004053625945382633,0,0,0,降温中
rl,RL 冻结策略自整定,13.799999999999999,46.0,23.132601295115098,23.235716653040758,24.0,23.5,24.5,0.0,0.0,0.5174862694351612,0.004053625945382633,23.132601295115098,0.5174862694351612,0.004053625945382633,0,0,0,降温中
rl,RL 冻结策略自整定,14.100000000000001,47.0,23.19207785528395,23.183300176602078,24.0,23.5,24.5,0.0,0.0,0.5174862694351612,0.004053625945382633,23.19207785528395,0.5174862694351612,0.004053625945382633,0,0,0,降温中
rl,RL 冻结策略自整定,14.4,48.0,23.267876068606157,23.178611307777864,24.0,23.5,24.5,0.0,0.0,0.5174862694351612,0.004053625945382633,23.267876068606157,0.5174862694351612,0.004053625945382633,0,0,0,降温中
rl,RL 冻结策略自整定,14.7,49.0,23.35489913912014,23.218347794059618,24.0,23.5,24.5,0.0,0.0,0.5174862694351612,0.004053625945382633,23.35489913912014,0.5174862694351612,0.004053625945382633,0,0,0,降温中
rl,RL 冻结策略自整定,15.0,50.0,23.449534012383992,23.262003425840145,24.0,23.5,24.5,0.0,0.0,0.5174862694351612,0.004053625945382633,23.449534012383992,0.5174862694351612,0.004053625945382633,0,0,0,降温中
rl,RL 冻结策略自整定,15.3,51.0,23.549220560872815,23.319581340813162,24.0,23.5,24.5,0.0,0.0,0.5174862694351612,0.004053625945382633,23.549220560872815,0.5174862694351612,0.004053625945382633,0,1,0,进入目标带
rl,RL 冻结策略自整定,15.600000000000001,52.0,23.65214584683798,23.3704187147865,24.0,23.5,24.5,0.0,0.0,0.5174862694351612,0.004053625945382633,23.65214584683798,0.5174862694351612,0.004053625945382633,0,1,0,进入目标带
rl,RL 冻结策略自整定,15.9,53.0,23.75702714930234,23.47268512445259,24.0,23.5,24.5,0.0,0.0,0.5174862694351612,0.004053625945382633,23.75702714930234,0.5174862694351612,0.004053625945382633,0,1,0,进入目标带
rl,RL 冻结策略自整定,16.2,54.0,23.862957984591805,23.552966206432995,24.0,23.5,24.5,0.0,0.0,0.5174862694351612,0.004053625945382633,23.862957984591805,0.5174862694351612,0.004053625945382633,0,1,0,进入目标带
rl,RL 冻结策略自整定,16.5,55.0,23.969298831695493,23.661814763729204,24.0,23.5,24.5,0.0,0.0,0.5174862694351612,0.004053625945382633,23.969298831695493,0.5174862694351612,0.004053625945382633,0,1,0,进入目标带
rl,RL 冻结策略自整定,16.8,56.0,24.075599583445904,23.75057117845891,24.0,23.5,24.5,0.0,0.0,0.5174862694351612,0.004053625945382633,24.075599583445904,0.5174862694351612,0.004053625945382633,0,1,0,进入目标带
rl,RL 冻结策略自整定,17.1,57.0,24.18154451266287,23.85170434007244,24.0,23.5,24.5,0.0,0.0,0.5174862694351612,0.004053625945382633,24.18154451266287,0.5174862694351612,0.004053625945382633,0,1,0,进入目标带
rl,RL 冻结策略自整定,17.4,58.0,24.286913216561874,23.981609766934014,24.0,23.5,24.5,4.741981864249546,0.0,0.5174862694351612,0.004053625945382633,24.286913216561874,0.5174862694351612,0.004053625945382633,0,1,0,进入目标带
rl,RL 冻结策略自整定,17.7,59.0,24.391552900505644,24.069868554979383,24.0,23.5,24.5,9.337575060019294,0.0,0.5174862694351612,0.004053625945382633,24.391552900505644,0.5174862694351612,0.004053625945382633,0,1,0,进入目标带
rl,RL 冻结策略自整定,18.0,60.0,24.49535870898025,24.16486752155418,24.0,23.5,24.5,14.32047226761025,25.0,0.5174862694351612,0.004053625945382633,24.49535870898025,0.5174862694351612,0.004053625945382633,0,1,0,进入目标带
rl,RL 冻结策略自整定,18.3,61.0,24.59825976746685,24.272125597631547,24.0,23.5,24.5,19.98123997151345,25.0,0.5174862694351612,0.004053625945382633,24.59825976746685,0.5174862694351612,0.004053625945382633,0,0,0,降温中
rl,RL 冻结策略自整定,18.6,62.0,24.70020927717884,24.356624112646376,24.0,23.5,24.5,24.498484177874168,25.0,0.5174862694351612,0.004053625945382633,24.70020927717884,0.5174862694351612,0.004053625945382633,0,0,0,降温中
rl,RL 冻结策略自整定,18.9,63.0,24.80117748600454,24.47098822563351,24.0,23.5,24.5,30.607591005711193,30.0,0.5174862694351612,0.004053625945382633,24.80117748600454,0.5174862694351612,0.004053625945382633,0,0,0,降温中
rl,RL 冻结策略自整定,19.200000000000003,64.0,24.886142387608825,24.58138742268108,24.0,23.5,24.5,34.19469747175242,34.0,0.46573764249164507,0.004458988539920897,24.886142387608825,0.46573764249164507,0.004458988539920897,0,0,0,降温中
rl,RL 冻结策略自整定,19.5,65.0,24.950087913588895,24.678981006861143,24.0,23.5,24.5,39.0427549064275,39.0,0.46573764249164507,0.004458988539920897,24.950087913588895,0.46573764249164507,0.004458988539920897,0,0,0,降温中
rl,RL 冻结策略自整定,19.8,66.0,24.99907137415048,24.758108018946636,24.0,23.5,24.5,40.31105210091307,40.0,0.4191638782424806,0.004904887393912987,24.99907137415048,0.4191638782424806,0.004904887393912987,0,0,0,降温中
rl,RL 冻结策略自整定,20.099999999999998,67.0,25.03439113656793,24.837062103806748,24.0,23.5,24.5,44.03109167830649,44.0,0.4191638782424806,0.004904887393912987,25.03439113656793,0.4191638782424806,0.004904887393912987,0,0,0,降温中
rl,RL 冻结策略自整定,20.4,68.0,25.055696693081487,24.89382423941358,24.0,23.5,24.5,44.77141582610862,45.0,0.3881147020763709,0.005269713728997424,25.055696693081487,0.3881147020763709,0.005269713728997424,0,0,0,降温中
rl,RL 冻结策略自整定,20.7,69.0,25.062564291373416,24.94302856713452,24.0,23.5,24.5,47.17805718424325,47.0,0.3881147020763709,0.005269713728997424,25.062564291373416,0.3881147020763709,0.005269713728997424,0,0,0,降温中
rl,RL 冻结策略自整定,21.0,70.0,25.05675942718953,24.971842966813835,24.0,23.5,24.5,48.808519821412816,49.0,0.3881147020763709,0.005269713728997424,25.05675942718953,0.3881147020763709,0.005269713728997424,0,0,0,降温中
rl,RL 冻结策略自整定,21.3,71.0,25.039282230811285,25.00760780922188,24.0,23.5,24.5,50.72758640758368,51.0,0.3881147020763709,0.005269713728997424,25.039282230811285,0.3881147020763709,0.005269713728997424,0,0,0,降温中
rl,RL 冻结策略自整定,21.599999999999998,72.0,25.01152839264077,25.012616861517365,24.0,23.5,24.5,51.45561518925361,51.0,0.3881147020763709,0.005269713728997424,25.01152839264077,0.3881147020763709,0.005269713728997424,0,0,0,降温中
rl,RL 冻结策略自整定,21.900000000000002,73.0,24.975050745466337,25.02451656844397,24.0,23.5,24.5,52.45735121274664,52.0,0.3881147020763709,0.005269713728997424,24.975050745466337,0.3881147020763709,0.005269713728997424,0,0,0,降温中
rl,RL 冻结策略自整定,22.2,74.0,24.930585210822464,24.99643444193204,24.0,23.5,24.5,51.89253502213117,52.0,0.3881147020763709,0.005269713728997424,24.930585210822464,0.3881147020763709,0.005269713728997424,0,0,0,降温中
rl,RL 冻结策略自整定,22.5,75.0,24.878672425631212,24.97047058787709,24.0,23.5,24.5,51.39624989205458,51.0,0.3881147020763709,0.005269713728997424,24.878672425631212,0.3881147020763709,0.005269713728997424,0,0,0,降温中
rl,RL 冻结策略自整定,22.8,76.0,24.820914579173,24.930386424006773,24.0,23.5,24.5,50.33081157138981,50.0,0.3881147020763709,0.005269713728997424,24.820914579173,0.3881147020763709,0.005269713728997424,0,0,0,降温中
rl,RL 冻结策略自整定,23.099999999999998,77.0,24.75861554019045,24.89950102906886,24.0,23.5,24.5,49.60611527811897,50.0,0.3881147020763709,0.005269713728997424,24.75861554019045,0.3881147020763709,0.005269713728997424,0,0,0,降温中
rl,RL 冻结策略自整定,23.400000000000002,78.0,24.692923991774247,24.867164704078426,24.0,23.5,24.5,48.80806593876676,49.0,0.3881147020763709,0.005269713728997424,24.692923991774247,0.3881147020763709,0.005269713728997424,0,0,0,降温中
rl,RL 冻结策略自整定,23.7,79.0,24.62563758267287,24.818825552036593,24.0,23.5,24.5,47.3634500047548,47.0,0.3881147020763709,0.005269713728997424,24.62563758267287,0.3881147020763709,0.005269713728997424,0,0,0,降温中
rl,RL 冻结策略自整定,24.0,80.0,24.558404228836025,24.775298716938305,24.0,23.5,24.5,46.08266977037728,46.0,0.3881147020763709,0.005269713728997424,24.558404228836025,0.3881147020763709,0.005269713728997424,0,0,0,降温中
rl,RL 冻结策略自整定,24.3,81.0,24.49178088906978,24.709701498555738,24.0,23.5,24.5,43.910737656461315,44.0,0.3881147020763709,0.005269713728997424,24.49178088906978,0.3881147020763709,0.005269713728997424,0,1,0,进入目标带
rl,RL 冻结策略自整定,24.599999999999998,82.0,24.42637625959347,24.61634608175274,24.0,23.5,24.5,40.6122734193729,41.0,0.3881147020763709,0.005269713728997424,24.42637625959347,0.3881147020763709,0.005269713728997424,0,1,0,进入目标带
rl,RL 冻结策略自整定,24.900000000000002,83.0,24.363594960475837,24.55541504270213,24.0,23.5,24.5,38.54013804012162,39.0,0.3881147020763709,0.005269713728997424,24.363594960475837,0.3881147020763709,0.005269713728997424,0,1,0,进入目标带
rl,RL 冻结策略自整定,25.200000000000003,84.0,24.3041961079507,24.504840137512637,24.0,23.5,24.5,36.84328791446549,37.0,0.3881147020763709,0.005269713728997424,24.3041961079507,0.3881147020763709,0.005269713728997424,0,1,0,进入目标带
rl,RL 冻结策略自整定,25.5,85.0,24.248922129269804,24.44686623496207,24.0,23.5,24.5,34.82872123614417,35.0,0.3881147020763709,0.005269713728997424,24.248922129269804,0.3881147020763709,0.005269713728997424,0,1,0,进入目标带
rl,RL 冻结策略自整定,25.8,86.0,24.199262923425586,24.381820984467716,24.0,23.5,24.5,32.21869209920292,32.0,0.42692617228400803,0.004742742356097681,24.199262923425586,0.42692617228400803,0.004742742356097681,0,1,0,进入目标带
rl,RL 冻结策略自整定,26.099999999999998,87.0,24.15602860747476,24.32277287096195,24.0,23.5,24.5,29.850856447893083,30.0,0.42692617228400803,0.004742742356097681,24.15602860747476,0.42692617228400803,0.004742742356097681,0,1,0,进入目标带
rl,RL 冻结策略自整定,26.4,88.0,24.11938821658921,24.268687815494342,24.0,23.5,24.5,27.196527238981115,27.0,0.4696187895124089,0.004268468120487913,24.11938821658921,0.4696187895124089,0.004268468120487913,0,1,0,进入目标带
rl,RL 冻结策略自整定,26.700000000000003,89.0,24.08944072550901,24.195383585344445,24.0,23.5,24.5,23.837421716598655,25.0,0.4696187895124089,0.004268468120487913,24.08944072550901,0.4696187895124089,0.004268468120487913,0,1,0,进入目标带
rl,RL 冻结策略自整定,27.0,90.0,24.06683579488727,24.14894859208667,24.0,23.5,24.5,21.678650518788352,25.0,0.5165806684636498,0.004053625945382633,24.06683579488727,0.5165806684636498,0.004053625945382633,0,1,0,进入目标带
rl,RL 冻结策略自整定,27.3,91.0,24.05178830011463,24.128483066160676,24.0,23.5,24.5,20.67352324151055,25.0,0.5165806684636498,0.004053625945382633,24.05178830011463,0.5165806684636498,0.004053625945382633,0,1,0,进入目标带
rl,RL 冻结策略自整定,27.599999999999998,92.0,24.044646063048326,24.118167622761717,24.0,23.5,24.5,20.199249382407775,25.0,0.5174862694351612,0.004053625945382633,24.044646063048326,0.5174862694351612,0.004053625945382633,0,1,0,进入目标带
rl,RL 冻结策略自整定,27.9,93.0,24.045410317577325,24.083014680620558,24.0,23.5,24.5,18.413783939899,25.0,0.5174862694351612,0.004053625945382633,24.045410317577325,0.5174862694351612,0.004053625945382633,0,1,0,进入目标带
rl,RL 冻结策略自整定,28.200000000000003,94.0,24.05247731144179,24.0627760399529,24.0,23.5,24.5,17.391909132574707,25.0,0.5174862694351612,0.004053625945382633,24.05247731144179,0.5174862694351612,0.004053625945382633,0,1,0,进入目标带
rl,RL 冻结策略自整定,28.5,95.0,24.063940458206844,24.064224779701313,24.0,23.5,24.5,17.492913748686885,25.0,0.5174862694351612,0.004053625945382633,24.063940458206844,0.5174862694351612,0.004053625945382633,0,1,0,进入目标带
rl,RL 冻结策略自整定,28.8,96.0,24.07844757265705,24.069214503790807,24.0,23.5,24.5,17.779182089981518,25.0,0.5174862694351612,0.004053625945382633,24.07844757265705,0.5174862694351612,0.004053625945382633,0,1,0,进入目标带
rl,RL 冻结策略自整定,29.099999999999998,97.0,24.09503990353636,24.06930143759527,24.0,23.5,24.5,17.811773005546378,25.0,0.5174862694351612,0.004053625945382633,24.09503990353636,0.5174862694351612,0.004053625945382633,0,1,0,进入目标带
rl,RL 冻结策略自整定,29.4,98.0,24.113037899482784,24.066997703648095,24.0,23.5,24.5,17.719716299915735,25.0,0.5174862694351612,0.004053625945382633,24.113037899482784,0.5174862694351612,0.004053625945382633,0,1,0,进入目标带
rl,RL 冻结策略自整定,29.700000000000003,99.0,24.13196014026498,24.092086408232554,24.0,23.5,24.5,19.055350699315824,25.0,0.5174862694351612,0.004053625945382633,24.13196014026498,0.5174862694351612,0.004053625945382633,0,1,0,进入目标带
rl,RL 冻结策略自整定,30.0,100.0,24.15146580454846,24.117012063523006,24.0,23.5,24.5,20.392651449926095,25.0,0.5174862694351612,0.004053625945382633,24.15146580454846,0.5174862694351612,0.004053625945382633,0,1,0,进入目标带
rl,RL 冻结策略自整定,30.3,101.0,24.171313840908503,24.109704815167213,24.0,23.5,24.5,20.058981609288033,25.0,0.5174862694351612,0.004053625945382633,24.171313840908503,0.5174862694351612,0.004053625945382633,0,1,0,进入目标带
rl,RL 冻结策略自整定,30.6,102.0,24.191333992690936,24.11045623367163,24.0,23.5,24.5,20.142641310615666,25.0,0.5174862694351612,0.004053625945382633,24.191333992690936,0.5174862694351612,0.004053625945382633,0,1,0,进入目标带
rl,RL 冻结策略自整定,30.9,103.0,24.211406235231735,24.14410011657724,24.0,23.5,24.5,21.94207885315832,25.0,0.5174862694351612,0.004053625945382633,24.211406235231735,0.5174862694351612,0.004053625945382633,0,1,0,进入目标带
rl,RL 冻结策略自整定,31.200000000000003,104.0,24.231446183102282,24.168309300558928,24.0,23.5,24.5,23.263097178393195,25.0,0.5174862694351612,0.004053625945382633,24.231446183102282,0.5174862694351612,0.004053625945382633,0,1,0,进入目标带
rl,RL 冻结策略自整定,31.499999999999996,105.0,24.25139473412162,24.1770230410018,24.0,23.5,24.5,23.785779801047536,25.0,0.5174862694351612,0.004053625945382633,24.25139473412162,0.5174862694351612,0.004053625945382633,0,1,0,进入目标带
rl,RL 冻结策略自整定,31.8,106.0,24.271210720088263,24.197824670206508,24.0,23.5,24.5,24.942426272157928,25.0,0.5174862694351612,0.004053625945382633,24.271210720088263,0.5174862694351612,0.004053625945382633,0,1,0,进入目标带
rl,RL 冻结策略自整定,32.1,107.0,24.29086569129949,24.223616254916948,24.0,23.5,24.5,26.367751032894642,26.0,0.5174862694351612,0.004053625945382633,24.29086569129949,0.5174862694351612,0.004053625945382633,0,1,0,进入目标带
rl,RL 冻结策略自整定,32.4,108.0,24.310340215361816,24.259471138091108,24.0,23.5,24.5,28.32837190012201,28.000000000000004,0.5174862694351612,0.004053625945382633,24.310340215361816,0.5174862694351612,0.004053625945382633,0,1,0,进入目标带
rl,RL 冻结策略自整定,32.7,109.0,24.32962125065235,24.283468588398136,24.0,23.5,24.5,29.685114566119168,30.0,0.5174862694351612,0.004053625945382633,24.32962125065235,0.5174862694351612,0.004053625945382633,0,1,0,进入目标带
rl,RL 冻结策略自整定,33.0,110.0,24.348700282430194,24.306529830062477,24.0,23.5,24.5,31.002757885078886,31.0,0.5174862694351612,0.004053625945382633,24.348700282430194,0.5174862694351612,0.004053625945382633,0,1,0,已稳定
rl,RL 冻结策略自整定,33.3,111.0,24.36697182765908,24.329131975173414,24.0,23.5,24.5,32.305805651949804,32.0,0.5174862694351612,0.004053625945382633,24.36697182765908,0.5174862694351612,0.004053625945382633,0,1,0,已稳定
rl,RL 冻结策略自整定,33.6,112.0,24.383032220666276,24.34330163468275,24.0,23.5,24.5,33.17822771715925,33.0,0.5174862694351612,0.004053625945382633,24.383032220666276,0.5174862694351612,0.004053625945382633,0,1,0,已稳定
rl,RL 冻结策略自整定,33.9,113.0,24.395521538724335,24.35671886640454,24.0,23.5,24.5,34.017151521351494,34.0,0.5174862694351612,0.004053625945382633,24.395521538724335,0.5174862694351612,0.004053625945382633,0,1,0,已稳定
rl,RL 冻结策略自整定,34.2,114.0,24.404095504591947,24.368087744215597,24.0,23.5,24.5,34.75468434097517,35.0,0.5174862694351612,0.004053625945382633,24.404095504591947,0.5174862694351612,0.004053625945382633,0,1,0,已稳定
rl,RL 冻结策略自整定,34.5,115.0,24.408904737020713,24.388816147559496,24.0,23.5,24.5,35.984962275126406,36.0,0.5174862694351612,0.004053625945382633,24.408904737020713,0.5174862694351612,0.004053625945382633,0,1,0,已稳定
rl,RL 冻结策略自整定,34.8,116.0,24.410066292526874,24.38852433429303,24.0,23.5,24.5,36.12735457145323,36.0,0.5174862694351612,0.004053625945382633,24.410066292526874,0.5174862694351612,0.004053625945382633,0,1,0,已稳定
rl,RL 冻结策略自整定,35.1,117.0,24.40767329619313,24.377677125623585,24.0,23.5,24.5,35.71912259618012,36.0,0.5174862694351612,0.004053625945382633,24.40767329619313,0.5174862694351612,0.004053625945382633,0,1,0,已稳定
rl,RL 冻结策略自整定,35.4,118.0,24.4018017776582,24.400355935837773,24.0,23.5,24.5,37.05500920636694,37.0,0.5174862694351612,0.004053625945382633,24.4018017776582,0.5174862694351612,0.004053625945382633,0,1,0,已稳定
rl,RL 冻结策略自整定,35.7,119.0,24.39251552368846,24.40917597182332,24.0,23.5,24.5,37.67729859177241,38.0,0.5174862694351612,0.004053625945382633,24.39251552368846,0.5174862694351612,0.004053625945382633,0,1,0,已稳定
rl,RL 冻结策略自整定,36.0,120.0,24.380469695676858,24.434517626561934,24.0,23.5,24.5,39.164831621448116,39.0,0.5174862694351612,0.004053625945382633,24.380469695676858,0.5174862694351612,0.004053625945382633,0,1,0,已稳定
rl,RL 冻结策略自整定,36.3,121.0,24.36651337893686,24.427471692029407,24.0,23.5,24.5,38.97349521802862,39.0,0.5174862694351612,0.004053625945382633,24.36651337893686,0.5174862694351612,0.004053625945382633,0,1,0,已稳定
rl,RL 冻结策略自整定,36.6,122.0,24.350648452457037,24.403021546364247,24.0,23.5,24.5,37.87160361097667,38.0,0.5174862694351612,0.004053625945382633,24.350648452457037,0.5174862694351612,0.004053625945382633,0,1,0,已稳定
rl,RL 冻结策略自整定,36.9,123.0,24.33250121187242,24.37886634658359,24.0,23.5,24.5,36.77518343401564,37.0,0.5174862694351612,0.004053625945382633,24.33250121187242,0.5174862694351612,0.004053625945382633,0,1,0,已稳定
rl,RL 冻结策略自整定,37.2,124.0,24.311815966416283,24.388120822441294,24.0,23.5,24.5,37.41141951631295,37.0,0.5174862694351612,0.004053625945382633,24.311815966416283,0.5174862694351612,0.004053625945382633,0,1,0,已稳定
rl,RL 冻结策略自整定,37.5,125.0,24.289020842998436,24.373439359587962,24.0,23.5,24.5,36.80305231983606,37.0,0.5174862694351612,0.004053625945382633,24.289020842998436,0.5174862694351612,0.004053625945382633,0,1,0,已稳定
rl,RL 冻结策略自整定,37.8,126.0,24.265403672803114,24.325638729522783,24.0,23.5,24.5,34.46143710720958,34.0,0.5174862694351612,0.004053625945382633,24.265403672803114,0.5174862694351612,0.004053625945382633,0,1,0,已稳定
rl,RL 冻结策略自整定,38.1,127.0,24.242252092547258,24.297577032221465,24.0,23.5,24.5,33.129909400018086,33.0,0.5174862694351612,0.004053625945382633,24.242252092547258,0.5174862694351612,0.004053625945382633,0,1,0,已稳定
rl,RL 冻结策略自整定,38.400000000000006,128.0,24.21986888811726,24.278019028970146,24.0,23.5,24.5,32.23050810091984,32.0,0.5174862694351612,0.004053625945382633,24.21986888811726,0.5174862694351612,0.004053625945382633,0,1,0,已稳定
rl,RL 冻结策略自整定,38.7,129.0,24.1980836942506,24.27285246307263,24.0,23.5,24.5,32.07374959206754,32.0,0.5174862694351612,0.004053625945382633,24.1980836942506,0.5174862694351612,0.004053625945382633,0,1,0,已稳定
rl,RL 冻结策略自整定,39.0,130.0,24.17857554913671,24.24002740080416,24.0,23.5,24.5,30.472395820288945,30.0,0.5174862694351612,0.004053625945382633,24.17857554913671,0.5174862694351612,0.004053625945382633,0,1,0,已稳定
rl,RL 冻结策略自整定,39.3,131.0,24.162458672618484,24.189976585692584,24.0,23.5,24.5,27.95934426253901,28.000000000000004,0.5174862694351612,0.004053625945382633,24.162458672618484,0.5174862694351612,0.004053625945382633,0,1,0,已稳定
rl,RL 冻结策略自整定,39.6,132.0,24.149744107330033,24.18882705417681,24.0,23.5,24.5,27.976401009569464,28.000000000000004,0.5174862694351612,0.004053625945382633,24.149744107330033,0.5174862694351612,0.004053625945382633,0,1,0,已稳定
rl,RL 冻结策略自整定,39.900000000000006,133.0,24.139829267635104,24.156412973632964,24.0,23.5,24.5,26.362420816600267,26.0,0.5174862694351612,0.004053625945382633,24.139829267635104,0.5174862694351612,0.004053625945382633,0,1,0,已稳定
rl,RL 冻结策略自整定,40.199999999999996,134.0,24.133102201911473,24.146483150560616,24.0,23.5,24.5,25.907944896781622,26.0,0.5174862694351612,0.004053625945382633,24.133102201911473,0.5174862694351612,0.004053625945382633,0,1,0,已稳定
rl,RL 冻结策略自整定,40.5,135.0,24.130587345862438,24.118800403558545,24.0,23.5,24.5,24.523557989218375,25.0,0.5174862694351612,0.004053625945382633,24.130587345862438,0.5174862694351612,0.004053625945382633,0,1,0,已稳定
rl,RL 冻结策略自整定,40.8,136.0,24.131791318277998,24.115558753276265,24.0,23.5,24.5,24.402650234128977,25.0,0.5174862694351612,0.004053625945382633,24.131791318277998,0.5174862694351612,0.004053625945382633,0,1,0,已稳定
rl,RL 冻结策略自整定,41.1,137.0,24.136795453064913,24.120258549264424,24.0,23.5,24.5,24.6946065409761,25.0,0.5174862694351612,0.004053625945382633,24.136795453064913,0.5174862694351612,0.004053625945382633,0,1,0,已稳定
rl,RL 冻结策略自整定,41.4,138.0,24.14520661708672,24.100876534235088,24.0,23.5,24.5,23.732505449454923,25.0,0.5174862694351612,0.004053625945382633,24.14520661708672,0.5174862694351612,0.004053625945382633,0,1,0,已稳定
rl,RL 冻结策略自整定,41.699999999999996,139.0,24.156577330480253,24.10159069464192,24.0,23.5,24.5,23.810643337486944,25.0,0.5174862694351612,0.004053625945382633,24.156577330480253,0.5174862694351612,0.004053625945382633,0,1,0,已稳定
rl,RL 冻结策略自整定,42.0,140.0,24.170365038687304,24.123869495149123,24.0,23.5,24.5,25.01375273362094,25.0,0.5174862694351612,0.004053625945382633,24.170365038687304,0.5174862694351612,0.004053625945382633,0,1,0,已稳定
rl,RL 冻结策略自整定,42.3,141.0,24.185800808921556,24.132419574298275,24.0,23.5,24.5,25.509885532053183,26.0,0.5174862694351612,0.004053625945382633,24.185800808921556,0.5174862694351612,0.004053625945382633,0,1,0,已稳定
rl,RL 冻结策略自整定,42.6,142.0,24.202339707376655,24.159666653522137,24.0,23.5,24.5,26.98460735904223,27.0,0.5174862694351612,0.004053625945382633,24.202339707376655,0.5174862694351612,0.004053625945382633,0,1,0,已稳定
rl,RL 冻结策略自整定,42.9,143.0,24.219595757782628,24.1653527394974,24.0,23.5,24.5,27.34588231644156,27.0,0.5174862694351612,0.004053625945382633,24.219595757782628,0.5174862694351612,0.004053625945382633,0,1,0,已稳定
rl,RL 冻结策略自整定,43.199999999999996,144.0,24.237295783322512,24.167802803655427,24.0,23.5,24.5,27.540690752403492,28.000000000000004,0.5174862694351612,0.004053625945382633,24.237295783322512,0.5174862694351612,0.004053625945382633,0,1,0,已稳定
rl,RL 冻结策略自整定,43.5,145.0,24.254646477045394,24.17551844982605,24.0,23.5,24.5,28.01111346192609,28.000000000000004,0.5174862694351612,0.004053625945382633,24.254646477045394,0.5174862694351612,0.004053625945382633,0,1,0,已稳定
rl,RL 冻结策略自整定,43.800000000000004,146.0,24.270711051882593,24.20866086659821,24.0,23.5,24.5,29.810771333737872,30.0,0.5174862694351612,0.004053625945382633,24.270711051882593,0.5174862694351612,0.004053625945382633,0,1,0,已稳定
rl,RL 冻结策略自整定,44.1,147.0,24.28543561050104,24.24196303319224,24.0,23.5,24.5,31.632195492140312,32.0,0.5174862694351612,0.004053625945382633,24.28543561050104,0.5174862694351612,0.004053625945382633,0,1,0,已稳定
rl,RL 冻结策略自整定,44.4,148.0,24.29856687604348,24.258699049426482,24.0,23.5,24.5,32.60312827064694,33.0,0.5174862694351612,0.004053625945382633,24.29856687604348,0.5174862694351612,0.004053625945382633,0,1,0,已稳定
rl,RL 冻结策略自整定,44.699999999999996,149.0,24.310151232756617,24.282305612023755,24.0,23.5,24.5,33.939171607254636,34.0,0.5174862694351612,0.004053625945382633,24.310151232756617,0.5174862694351612,0.004053625945382633,0,1,0,已稳定
rl,RL 冻结策略自整定,45.0,150.0,24.319406274668378,24.30211914729255,24.0,23.5,24.5,35.08696265371793,35.0,0.5174862694351612,0.004053625945382633,24.319406274668378,0.5174862694351612,0.004053625945382633,0,1,0,已稳定
rl,RL 冻结策略自整定,45.3,151.0,24.32502806044133,24.28979940194444,24.0,23.5,24.5,34.566906585127214,35.0,0.5174862694351612,0.004053625945382633,24.32502806044133,0.5174862694351612,0.004053625945382633,0,1,0,已稳定
rl,RL 冻结策略自整定,45.6,152.0,24.326711796286084,24.289372561746543,24.0,23.5,24.5,34.662119003379544,35.0,0.5174862694351612,0.004053625945382633,24.326711796286084,0.5174862694351612,0.004053625945382633,0,1,0,已稳定
rl,RL 冻结策略自整定,45.9,153.0,24.324635879000134,24.300226074049736,24.0,23.5,24.5,35.34547378290917,35.0,0.5174862694351612,0.004053625945382633,24.324635879000134,0.5174862694351612,0.004053625945382633,0,1,0,已稳定
rl,RL 冻结策略自整定,46.199999999999996,154.0,24.318936838841243,24.310545465514203,24.0,23.5,24.5,36.0053716377109,36.0,0.5174862694351612,0.004053625945382633,24.318936838841243,0.5174862694351612,0.004053625945382633,0,1,0,已稳定
rl,RL 冻结策略自整定,46.50000000000001,155.0,24.310321556490337,24.315291059093347,24.0,23.5,24.5,36.37875679121241,36.0,0.5174862694351612,0.004053625945382633,24.310321556490337,0.5174862694351612,0.004053625945382633,0,1,0,已稳定
rl,RL 冻结策略自整定,46.800000000000004,156.0,24.29967591516796,24.31208483898696,24.0,23.5,24.5,36.3393468230759,36.0,0.5174862694351612,0.004053625945382633,24.29967591516796,0.5174862694351612,0.004053625945382633,0,1,0,已稳定
rl,RL 冻结策略自整定,47.1,157.0,24.287628173931424,24.299984631146728,24.0,23.5,24.5,35.83478023001605,36.0,0.5174862694351612,0.004053625945382633,24.287628173931424,0.5174862694351612,0.004053625945382633,0,1,0,已稳定
rl,RL 冻结策略自整定,47.4,158.0,24.274023595009307,24.297066909400073,24.0,23.5,24.5,35.80421194896927,36.0,0.5174862694351612,0.004053625945382633,24.274023595009307,0.5174862694351612,0.004053625945382633,0,1,0,已稳定
rl,RL 冻结策略自整定,47.7,159.0,24.258977596472445,24.29060690736754,24.0,23.5,24.5,35.58771688369461,36.0,0.5174862694351612,0.004053625945382633,24.258977596472445,0.5174862694351612,0.004053625945382633,0,1,0,已稳定
rl,RL 冻结策略自整定,48.0,160.0,24.242956222145217,24.27626860850918,24.0,23.5,24.5,34.95771856500352,35.0,0.5174862694351612,0.004053625945382633,24.242956222145217,0.5174862694351612,0.004053625945382633,0,1,0,已稳定
rl,RL 冻结策略自整定,48.3,161.0,24.226289689163284,24.27294914559491,24.0,23.5,24.5,34.89658429083548,35.0,0.5174862694351612,0.004053625945382633,24.226289689163284,0.5174862694351612,0.004053625945382633,0,1,0,已稳定
rl,RL 冻结策略自整定,48.6,162.0,24.209211827816915,24.253659989200006,24.0,23.5,24.5,34.00122120385308,34.0,0.5174862694351612,0.004053625945382633,24.209211827816915,0.5174862694351612,0.004053625945382633,0,1,0,已稳定
rl,RL 冻结策略自整定,48.9,163.0,24.19188807089269,24.2374423800803,24.0,23.5,24.5,33.2582324588443,33.0,0.5174862694351612,0.004053625945382633,24.19188807089269,0.5174862694351612,0.004053625945382633,0,1,0,已稳定
rl,RL 冻结策略自整定,49.199999999999996,164.0,24.17503548942011,24.22564510672028,24.0,23.5,24.5,32.73920784669091,33.0,0.5174862694351612,0.004053625945382633,24.17503548942011,0.5174862694351612,0.004053625945382633,0,1,0,已稳定
rl,RL 冻结策略自整定,49.50000000000001,165.0,24.158936819751496,24.200615236884413,24.0,23.5,24.5,31.525268363037313,32.0,0.5174862694351612,0.004053625945382633,24.158936819751496,0.5174862694351612,0.004053625945382633,0,1,0,已稳定
rl,RL 冻结策略自整定,49.800000000000004,166.0,24.14400784173586,24.206608577000075,24.0,23.5,24.5,31.919166873654923,32.0,0.5174862694351612,0.004053625945382633,24.14400784173586,0.5174862694351612,0.004053625945382633,0,1,0,已稳定
rl,RL 冻结策略自整定,50.099999999999994,167.0,24.130917768386794,24.17310661957345,24.0,23.5,24.5,30.255657525348926,30.0,0.5174862694351612,0.004053625945382633,24.130917768386794,0.5174862694351612,0.004053625945382633,0,1,0,已稳定
rl,RL 冻结策略自整定,50.400000000000006,168.0,24.11953094965053,24.165173450318868,24.0,23.5,24.5,29.912082047483914,30.0,0.5174862694351612,0.004053625945382633,24.11953094965053,0.5174862694351612,0.004053625945382633,0,1,0,已稳定
rl,RL 冻结策略自整定,50.7,169.0,24.109966484411355,24.13130202827461,24.0,23.5,24.5,28.212507394918806,28.000000000000004,0.5174862694351612,0.004053625945382633,24.109966484411355,0.5174862694351612,0.004053625945382633,0,1,0,已稳定
rl,RL 冻结策略自整定,51.0,170.0,24.10208310065905,24.121855873485156,24.0,23.5,24.5,27.773077667704282,28.000000000000004,0.5174862694351612,0.004053625945382633,24.10208310065905,0.5174862694351612,0.004053625945382633,0,1,0,已稳定
rl,RL 冻结策略自整定,51.3,171.0,24.096596195873435,24.102872707210576,24.0,23.5,24.5,26.832425625456345,27.0,0.5174862694351612,0.004053625945382633,24.096596195873435,0.5174862694351612,0.004053625945382633,0,1,0,已稳定
rl,RL 冻结策略自整定,51.6,172.0,24.093562139136253,24.09341973139392,24.0,23.5,24.5,26.38111597111298,26.0,0.5174862694351612,0.004053625945382633,24.093562139136253,0.5174862694351612,0.004053625945382633,0,1,0,已稳定
rl,RL 冻结策略自整定,51.9,173.0,24.093452152370556,24.11542851871579,24.0,23.5,24.5,27.566830899542115,28.000000000000004,0.5174862694351612,0.004053625945382633,24.093452152370556,0.5174862694351612,0.004053625945382633,0,1,0,已稳定
rl,RL 冻结策略自整定,52.199999999999996,174.0,24.096149543314368,24.10280311332926,24.0,23.5,24.5,26.955156042929513,27.0,0.5174862694351612,0.004053625945382633,24.096149543314368,0.5174862694351612,0.004053625945382633,0,1,0,已稳定
rl,RL 冻结策略自整定,52.5,175.0,24.101402765388737,24.103492466808405,24.0,23.5,24.5,27.032781113814668,27.0,0.5174862694351612,0.004053625945382633,24.101402765388737,0.5174862694351612,0.004053625945382633,0,1,0,已稳定
rl,RL 冻结策略自整定,52.8,176.0,24.109408238539977,24.095081128794433,24.0,23.5,24.5,26.636048253893595,27.0,0.5174862694351612,0.004053625945382633,24.109408238539977,0.5174862694351612,0.004053625945382633,0,1,0,已稳定
rl,RL 冻结策略自整定,53.099999999999994,177.0,24.118495220905665,24.120963919126442,24.0,23.5,24.5,28.02448136314458,28.000000000000004,0.5174862694351612,0.004053625945382633,24.118495220905665,0.5174862694351612,0.004053625945382633,0,1,0,已稳定
rl,RL 冻结策略自整定,53.400000000000006,178.0,24.12814547207639,24.15639463664813,24.0,23.5,24.5,29.921368882199072,30.0,0.5174862694351612,0.004053625945382633,24.12814547207639,0.5174862694351612,0.004053625945382633,0,1,0,已稳定
rl,RL 冻结策略自整定,53.7,179.0,24.138535280660342,24.132868295859893,24.0,23.5,24.5,28.75777288654421,28.999999999999996,0.5174862694351612,0.004053625945382633,24.138535280660342,0.5174862694351612,0.004053625945382633,0,1,0,已稳定
rl,RL 冻结策略自整定,54.0,180.0,24.149405596223993,24.1137693901879,24.0,23.5,24.5,27.815548597080486,28.000000000000004,0.5174862694351612,0.004053625945382633,24.149405596223993,0.5174862694351612,0.004053625945382633,0,1,0,已稳定
rl,RL 冻结策略自整定,54.300000000000004,181.0,24.15997290379949,24.113984878656996,24.0,23.5,24.5,27.872905035628854,28.000000000000004,0.5174862694351612,0.004053625945382633,24.15997290379949,0.5174862694351612,0.004053625945382633,0,1,0,已稳定
rl,RL 冻结策略自整定,54.6,182.0,24.168706962382245,24.14468194103373,24.0,23.5,24.5,29.520084511824617,30.0,0.5174862694351612,0.004053625945382633,24.168706962382245,0.5174862694351612,0.004053625945382633,0,1,0,已稳定
rl,RL 冻结策略自整定,54.9,183.0,24.17595831143439,24.151088829333325,24.0,23.5,24.5,29.91287794417339,30.0,0.5174862694351612,0.004053625945382633,24.17595831143439,0.5174862694351612,0.004053625945382633,0,1,0,已稳定
rl,RL 冻结策略自整定,55.199999999999996,184.0,24.183119710522796,24.13114477469188,24.0,23.5,24.5,28.93396168692135,28.999999999999996,0.5174862694351612,0.004053625945382633,24.183119710522796,0.5174862694351612,0.004053625945382633,0,1,0,已稳定
rl,RL 冻结策略自整定,55.5,185.0,24.19056950690136,24.131381899479404,24.0,23.5,24.5,28.999489876738355,28.999999999999996,0.5174862694351612,0.004053625945382633,24.19056950690136,0.5174862694351612,0.004053625945382633,0,1,0,已稳定
rl,RL 冻结策略自整定,55.8,186.0,24.196991561920996,24.15378056312045,24.0,23.5,24.5,30.22092685358816,30.0,0.5174862694351612,0.004053625945382633,24.196991561920996,0.5174862694351612,0.004053625945382633,0,1,0,已稳定
rl,RL 冻结策略自整定,56.099999999999994,187.0,24.201903509865872,24.165974902059762,24.0,23.5,24.5,30.919247167108644,31.0,0.5174862694351612,0.004053625945382633,24.201903509865872,0.5174862694351612,0.004053625945382633,0,1,0,已稳定
rl,RL 冻结策略自整定,56.400000000000006,188.0,24.206332657354043,24.196303601406225,24.0,23.5,24.5,32.56828985245402,33.0,0.5174862694351612,0.004053625945382633,24.206332657354043,0.5174862694351612,0.004053625945382633,0,1,0,已稳定
rl,RL 冻结策略自整定,56.7,189.0,24.342626995754244,24.20157618496269,24.0,23.5,24.5,32.92285025727965,33.0,0.5174862694351612,0.004053625945382633,24.342626995754244,0.5174862694351612,0.004053625945382633,1,1,0,扰动恢复中
rl,RL 冻结策略自整定,57.0,190.0,24.476957715346824,24.243498604034077,24.0,23.5,24.5,35.1909831082723,35.0,0.5174862694351612,0.004053625945382633,24.476957715346824,0.5174862694351612,0.004053625945382633,1,1,0,扰动恢复中
rl,RL 冻结策略自整定,57.300000000000004,191.0,24.60852048826454,24.31334054802571,24.0,23.5,24.5,38.93222435042703,39.0,0.5174862694351612,0.004053625945382633,24.60852048826454,0.5174862694351612,0.004053625945382633,1,0,0,扰动恢复中
rl,RL 冻结策略自整定,57.6,192.0,24.73615880990497,24.40170891294009,24.0,23.5,24.5,43.66800366718835,44.0,0.5174862694351612,0.004053625945382633,24.73615880990497,0.5174862694351612,0.004053625945382633,1,0,0,扰动恢复中
rl,RL 冻结策略自整定,57.9,193.0,24.85989207949647,24.498479613166015,24.0,23.5,24.5,48.87781952155996,49.0,0.5174862694351612,0.004053625945382633,24.85989207949647,0.5174862694351612,0.004053625945382633,1,0,0,扰动恢复中
rl,RL 冻结策略自整定,58.199999999999996,194.0,24.979306947314228,24.615623074323803,24.0,23.5,24.5,54.33679193220673,54.0,0.46573764249164507,0.004458988539920897,24.979306947314228,0.46573764249164507,0.004458988539920897,1,0,0,扰动恢复中
rl,RL 冻结策略自整定,58.5,195.0,25.09216454127662,24.7474966284272,24.0,23.5,24.5,60.811947641696406,59.0,0.46573764249164507,0.004458988539920897,25.09216454127662,0.46573764249164507,0.004458988539920897,1,0,0,扰动恢复中
rl,RL 冻结策略自整定,58.8,196.0,25.195550649121778,24.85251574861443,24.0,23.5,24.5,64.75056760156164,64.0,0.4191638782424806,0.004904887393912987,25.195550649121778,0.4191638782424806,0.004904887393912987,1,0,0,扰动恢复中
rl,RL 冻结策略自整定,59.099999999999994,197.0,25.28706627127511,24.962048302936488,24.0,23.5,24.5,69.81365048724642,69.0,0.4191638782424806,0.004904887393912987,25.28706627127511,0.4191638782424806,0.004904887393912987,1,0,0,扰动恢复中
rl,RL 冻结策略自整定,59.400000000000006,198.0,25.36506210426549,25.07270180235377,24.0,23.5,24.5,73.8798047310247,74.0,0.3881147020763709,0.005269713728997424,25.36506210426549,0.3881147020763709,0.005269713728997424,1,0,0,扰动恢复中
rl,RL 冻结策略自整定,59.7,199.0,25.42842029181204,25.1865911800889,24.0,23.5,24.5,78.92531850520024,79.0,0.3881147020763709,0.005269713728997424,25.42842029181204,0.3881147020763709,0.005269713728997424,1,0,0,扰动恢复中
rl,RL 冻结策略自整定,60.0,200.0,25.476399546009684,25.269085460104534,24.0,23.5,24.5,82.79581450356588,83.0,0.3881147020763709,0.005269713728997424,25.476399546009684,0.3881147020763709,0.005269713728997424,1,0,0,扰动恢复中
rl,RL 冻结策略自整定,60.300000000000004,201.0,25.50852524051101,25.340119330244544,24.0,23.5,24.5,86.25894796154647,86.0,0.3881147020763709,0.005269713728997424,25.50852524051101,0.3881147020763709,0.005269713728997424,1,0,0,扰动恢复中
rl,RL 冻结策略自整定,60.6,202.0,25.524511419062165,25.405064010541604,24.0,23.5,24.5,89.51997499668747,90.0,0.3881147020763709,0.005269713728997424,25.524511419062165,0.3881147020763709,0.005269713728997424,1,0,0,扰动恢复中
rl,RL 冻结策略自整定,60.9,203.0,25.524205453442573,25.446670238108645,24.0,23.5,24.5,91.89712765986715,92.0,0.3881147020763709,0.005269713728997424,25.524205453442573,0.3881147020763709,0.005269713728997424,1,0,0,扰动恢复中
rl,RL 冻结策略自整定,61.2,204.0,25.376304487765008,25.474559819208913,24.0,23.5,24.5,93.756614118195,94.0,0.3881147020763709,0.005269713728997424,25.376304487765008,0.3881147020763709,0.005269713728997424,0,0,0,扰动恢复中
rl,RL 冻结策略自整定,61.5,205.0,25.215418331591586,25.43687090930771,24.0,23.5,24.5,93.05104195016374,93.0,0.3881147020763709,0.005269713728997424,25.215418331591586,0.3881147020763709,0.005269713728997424,0,0,0,扰动恢复中
rl,RL 冻结策略自整定,61.8,206.0,25.042344252788396,25.379825573686276,24.0,23.5,24.5,91.56415718313539,92.0,0.3881147020763709,0.005269713728997424,25.042344252788396,0.3881147020763709,0.005269713728997424,0,0,0,扰动恢复中
rl,RL 冻结策略自整定,62.099999999999994,207.0,24.85849782166186,25.270138982268442,24.0,23.5,24.5,87.97638619140436,88.0,0.3881147020763709,0.005269713728997424,24.85849782166186,0.3881147020763709,0.005269713728997424,0,0,0,扰动恢复中
rl,RL 冻结策略自整定,62.400000000000006,208.0,24.665666383238534,25.1239791481501,24.0,23.5,24.5,82.89601297877844,83.0,0.3881147020763709,0.005269713728997424,24.665666383238534,0.3881147020763709,0.005269713728997424,0,0,0,扰动恢复中
rl,RL 冻结策略自整定,62.699999999999996,209.0,24.466932165144733,24.97827502933892,24.0,23.5,24.5,77.75654484769265,78.0,0.3881147020763709,0.005269713728997424,24.466932165144733,0.3881147020763709,0.005269713728997424,0,1,0,扰动恢复中
rl,RL 冻结策略自整定,62.99999999999999,210.0,24.265619239272084,24.809405521056338,24.0,23.5,24.5,71.62900449666853,73.0,0.3881147020763709,0.005269713728997424,24.265619239272084,0.3881147020763709,0.005269713728997424,0,1,0,扰动恢复中
rl,RL 冻结策略自整定,63.300000000000004,211.0,24.065870031458847,24.607683631907847,24.0,23.5,24.5,64.12011328354879,68.0,0.3881147020763709,0.005269713728997424,24.065870031458847,0.3881147020763709,0.005269713728997424,0,1,0,扰动恢复中
rl,RL 冻结策略自整定,63.6,212.0,23.87233114259122,24.43015262874711,24.0,23.5,24.5,55.049868135365124,63.0,0.42692617228400803,0.004742742356097681,23.87233114259122,0.42692617228400803,0.004742742356097681,0,1,0,扰动恢复中
rl,RL 冻结策略自整定,63.9,213.0,23.688627862612936,24.23510718168518,24.0,23.5,24.5,46.83437280068797,57.99999999999999,0.42692617228400803,0.004742742356097681,23.688627862612936,0.42692617228400803,0.004742742356097681,0,1,0,扰动恢复中
rl,RL 冻结策略自整定,64.2,214.0,23.51727665584551,24.048846828566806,24.0,23.5,24.5,35.43211766017782,53.0,0.4696187895124089,0.004268468120487913,23.51727665584551,0.4696187895124089,0.004268468120487913,0,1,0,扰动恢复中
rl,RL 冻结策略自整定,64.5,215.0,23.36000770930673,23.881078176474176,24.0,23.5,24.5,27.502625127535897,48.0,0.4696187895124089,0.004268468120487913,23.36000770930673,0.4696187895124089,0.004268468120487913,0,0,0,扰动恢复中
rl,RL 冻结策略自整定,64.8,216.0,23.217993829647476,23.719213477681418,24.0,23.5,24.5,16.80333952840815,43.0,0.5165806684636498,0.004053625945382633,23.217993829647476,0.5165806684636498,0.004053625945382633,0,0,0,扰动恢复中
rl,RL 冻结策略自整定,65.10000000000001,217.0,23.092012878277014,23.56065295734044,24.0,23.5,24.5,8.434314712324348,0.0,0.5165806684636498,0.004053625945382633,23.092012878277014,0.5165806684636498,0.004053625945382633,0,0,0,扰动恢复中
rl,RL 冻结策略自整定,65.4,218.0,22.982563040389312,23.407284155079054,24.0,23.5,24.5,0.21763763573855455,0.0,0.5174862694351612,0.004053625945382633,22.982563040389312,0.5174862694351612,0.004053625945382633,0,0,0,扰动恢复中
rl,RL 冻结策略自整定,65.7,219.0,22.88994462154255,23.282613553739793,24.0,23.5,24.5,0.0,0.0,0.5174862694351612,0.004053625945382633,22.88994462154255,0.5174862694351612,0.004053625945382633,0,0,0,扰动恢复中
rl,RL 冻结策略自整定,66.0,220.0,22.814318089810893,23.137651401321307,24.0,23.5,24.5,0.0,0.0,0.5174862694351612,0.004053625945382633,22.814318089810893,0.5174862694351612,0.004053625945382633,0,0,0,扰动恢复中
rl,RL 冻结策略自整定,66.3,221.0,22.778551815890765,23.0498116642487,24.0,23.5,24.5,0.0,0.0,0.5174862694351612,0.004053625945382633,22.778551815890765,0.5174862694351612,0.004053625945382633,0,0,0,扰动恢复中
rl,RL 冻结策略自整定,66.6,222.0,22.787247799500836,22.970651193597853,24.0,23.5,24.5,0.0,0.0,0.5174862694351612,0.004053625945382633,22.787247799500836,0.5174862694351612,0.004053625945382633,0,0,0,扰动恢复中
rl,RL 冻结策略自整定,66.89999999999999,223.0,22.82713555680439,22.901211281439085,24.0,23.5,24.5,0.0,0.0,0.5174862694351612,0.004053625945382633,22.82713555680439,0.5174862694351612,0.004053625945382633,0,0,0,扰动恢复中
rl,RL 冻结策略自整定,67.2,224.0,22.888801409436464,22.85565260051637,24.0,23.5,24.5,0.0,0.0,0.5174862694351612,0.004053625945382633,22.888801409436464,0.5174862694351612,0.004053625945382633,0,0,0,扰动恢复中
rl,RL 冻结策略自整定,67.5,225.0,22.965568705924518,22.867926583144136,24.0,23.5,24.5,0.0,0.0,0.5174862694351612,0.004053625945382633,22.965568705924518,0.5174862694351612,0.004053625945382633,0,0,0,扰动恢复中
rl,RL 冻结策略自整定,67.8,226.0,23.05270314517662,22.89963322463821,24.0,23.5,24.5,0.0,0.0,0.5174862694351612,0.004053625945382633,23.05270314517662,0.5174862694351612,0.004053625945382633,0,0,0,扰动恢复中
rl,RL 冻结策略自整定,68.10000000000001,227.0,23.14684881623782,22.939010578172745,24.0,23.5,24.5,0.0,0.0,0.5174862694351612,0.004053625945382633,23.14684881623782,0.5174862694351612,0.004053625945382633,0,0,0,扰动恢复中
rl,RL 冻结策略自整定,68.4,228.0,23.24562797122828,22.998727921002697,24.0,23.5,24.5,0.0,0.0,0.5174862694351612,0.004053625945382633,23.24562797122828,0.5174862694351612,0.004053625945382633,0,0,0,扰动恢复中
rl,RL 冻结策略自整定,68.7,229.0,23.347356995351632,23.08803773151868,24.0,23.5,24.5,0.0,0.0,0.5174862694351612,0.004053625945382633,23.347356995351632,0.5174862694351612,0.004053625945382633,0,0,0,扰动恢复中
rl,RL 冻结策略自整定,69.0,230.0,23.450844838862256,23.181231957330343,24.0,23.5,24.5,0.0,0.0,0.5174862694351612,0.004053625945382633,23.450844838862256,0.5174862694351612,0.004053625945382633,0,0,0,扰动恢复中
rl,RL 冻结策略自整定,69.3,231.0,23.555249970081864,23.269188201129637,24.0,23.5,24.5,0.0,0.0,0.5174862694351612,0.004053625945382633,23.555249970081864,0.5174862694351612,0.004053625945382633,0,1,0,扰动恢复中
rl,RL 冻结策略自整定,69.6,232.0,23.65997885923988,23.37061199537722,24.0,23.5,24.5,0.0,0.0,0.5174862694351612,0.004053625945382633,23.65997885923988,0.5174862694351612,0.004053625945382633,0,1,0,扰动恢复中
rl,RL 冻结策略自整定,69.89999999999999,233.0,23.764613935627562,23.466640112340627,24.0,23.5,24.5,3.0730227770587537,0.0,0.5174862694351612,0.004053625945382633,23.764613935627562,0.5174862694351612,0.004053625945382633,0,1,0,扰动恢复中
rl,RL 冻结策略自整定,70.2,234.0,23.86886246117215,23.547413320025278,24.0,23.5,24.5,7.06946365771487,0.0,0.5174862694351612,0.004053625945382633,23.86886246117215,0.5174862694351612,0.004053625945382633,0,1,0,扰动恢复中
rl,RL 冻结策略自整定,70.5,235.0,23.97252024783179,23.640941430547766,24.0,23.5,24.5,11.763866044570698,0.0,0.5174862694351612,0.004053625945382633,23.97252024783179,0.5174862694351612,0.004053625945382633,0,1,0,扰动恢复中
rl,RL 冻结策略自整定,70.8,236.0,24.07544590924937,23.754222174422814,24.0,23.5,24.5,17.526359862188624,25.0,0.5174862694351612,0.004053625945382633,24.07544590924937,0.5174862694351612,0.004053625945382633,0,1,0,扰动恢复中
rl,RL 冻结策略自整定,71.10000000000001,237.0,24.177542588284183,23.857584939491602,24.0,23.5,24.5,22.817511293154606,25.0,0.5174862694351612,0.004053625945382633,24.177542588284183,0.5174862694351612,0.004053625945382633,0,1,0,扰动恢复中
rl,RL 冻结策略自整定,71.4,238.0,24.278744989969752,23.966933988081724,24.0,23.5,24.5,28.46277069089102,28.000000000000004,0.5174862694351612,0.004053625945382633,24.278744989969752,0.5174862694351612,0.004053625945382633,0,1,0,扰动恢复中
rl,RL 冻结策略自整定,71.7,239.0,24.379010179586402,24.080238070481727,24.0,23.5,24.5,34.35862689461739,33.0,0.5174862694351612,0.004053625945382633,24.379010179586402,0.5174862694351612,0.004053625945382633,0,1,0,扰动恢复中
rl,RL 冻结策略自整定,72.0,240.0,24.46330673972795,24.16604068281114,24.0,23.5,24.5,38.866100952814556,38.0,0.5174862694351612,0.004053625945382633,24.46330673972795,0.5174862694351612,0.004053625945382633,0,1,0,扰动恢复中
rl,RL 冻结策略自整定,72.3,241.0,24.526611868109597,24.247409876077878,24.0,23.5,24.5,43.17713568915117,43.0,0.5174862694351612,0.004053625945382633,24.526611868109597,0.5174862694351612,0.004053625945382633,0,0,0,扰动恢复中
rl,RL 冻结策略自整定,72.6,242.0,24.573177524047477,24.345387241935423,24.0,23.5,24.5,48.38733691233305,48.0,0.5174862694351612,0.004053625945382633,24.573177524047477,0.5174862694351612,0.004053625945382633,0,0,0,扰动恢复中
rl,RL 冻结策略自整定,72.9,243.0,24.60369776353388,24.420818205267253,24.0,23.5,24.5,52.46136965329799,52.0,0.5174862694351612,0.004053625945382633,24.60369776353388,0.5174862694351612,0.004053625945382633,0,0,0,扰动恢复中
rl,RL 冻结策略自整定,73.2,244.0,24.617946637703785,24.484543079596516,24.0,23.5,24.5,55.95546004189631,56.00000000000001,0.5174862694351612,0.004053625945382633,24.617946637703785,0.5174862694351612,0.004053625945382633,0,0,0,扰动恢复中
rl,RL 冻结策略自整定,73.5,245.0,24.615814053718,24.532941552788834,24.0,23.5,24.5,58.676049146337064,59.0,0.5174862694351612,0.004053625945382633,24.615814053718,0.5174862694351612,0.004053625945382633,0,0,0,扰动恢复中
rl,RL 冻结策略自整定,73.8,246.0,24.5972715794667,24.604639539838367,24.0,23.5,24.5,62.636708565254054,63.0,0.46573764249164507,0.004458988539920897,24.5972715794667,0.46573764249164507,0.004458988539920897,0,0,0,扰动恢复中
rl,RL 冻结策略自整定,74.10000000000001,247.0,24.562948354853525,24.603226221589487,24.0,23.5,24.5,62.83986289522645,63.0,0.46573764249164507,0.004458988539920897,24.562948354853525,0.46573764249164507,0.004458988539920897,0,0,0,扰动恢复中
rl,RL 冻结策略自整定,74.4,248.0,24.51371398368784,24.592328272119076,24.0,23.5,24.5,63.33867368911116,63.0,0.4191638782424806,0.004904887393912987,24.51371398368784,0.4191638782424806,0.004904887393912987,0,0,0,扰动恢复中
rl,RL 冻结策略自整定,74.7,249.0,24.45082380305033,24.562469912577562,24.0,23.5,24.5,62.36300426913893,62.0,0.4191638782424806,0.004904887393912987,24.45082380305033,0.4191638782424806,0.004904887393912987,0,1,0,扰动恢复中
rl,RL 冻结策略自整定,75.0,250.0,24.374980648415285,24.517392318988435,24.0,23.5,24.5,62.02463599101529,62.0,0.3881147020763709,0.005269713728997424,24.374980648415285,0.3881147020763709,0.005269713728997424,0,1,0,扰动恢复中
rl,RL 冻结策略自整定,75.3,251.0,24.28873663259507,24.46047508152531,24.0,23.5,24.5,60.05825151081172,60.0,0.3881147020763709,0.005269713728997424,24.28873663259507,0.3881147020763709,0.005269713728997424,0,1,0,扰动恢复中
rl,RL 冻结策略自整定,75.6,252.0,24.195437895939936,24.41829648903366,24.0,23.5,24.5,56.02444208444236,56.00000000000001,0.42692617228400803,0.004742742356097681,24.195437895939936,0.42692617228400803,0.004742742356097681,0,1,0,扰动恢复中
rl,RL 冻结策略自整定,75.9,253.0,24.09805564354819,24.35554456788839,24.0,23.5,24.5,53.51402396280099,54.0,0.42692617228400803,0.004742742356097681,24.09805564354819,0.42692617228400803,0.004742742356097681,0,1,0,扰动恢复中
rl,RL 冻结策略自整定,76.2,254.0,23.998469216336012,24.254554657139042,24.0,23.5,24.5,46.5644270754046,49.0,0.4696187895124089,0.004268468120487913,23.998469216336012,0.4696187895124089,0.004268468120487913,0,1,0,扰动恢复中
rl,RL 冻结策略自整定,76.5,255.0,23.898824574689808,24.14365362072439,24.0,23.5,24.5,41.417624117778004,44.0,0.4696187895124089,0.004268468120487913,23.898824574689808,0.4696187895124089,0.004268468120487913,0,1,0,扰动恢复中
rl,RL 冻结策略自整定,76.80000000000001,256.0,23.802590636079795,24.074106372830496,24.0,23.5,24.5,36.78451887443643,39.0,0.5165806684636498,0.004053625945382633,23.802590636079795,0.5165806684636498,0.004053625945382633,0,1,0,扰动恢复中
rl,RL 冻结策略自整定,77.10000000000001,257.0,23.711754478111974,23.996781493697732,24.0,23.5,24.5,32.788760437243795,34.0,0.5165806684636498,0.004053625945382633,23.711754478111974,0.5165806684636498,0.004053625945382633,0,1,0,扰动恢复中
rl,RL 冻结策略自整定,77.4,258.0,23.628734536821298,23.897900606409046,24.0,23.5,24.5,27.630131545767476,28.999999999999996,0.5174862694351612,0.004053625945382633,23.628734536821298,0.5174862694351612,0.004053625945382633,0,1,0,扰动恢复中
rl,RL 冻结策略自整定,77.69999999999999,259.0,23.55634799953548,23.809454069530847,24.0,23.5,24.5,22.975904511657973,25.0,0.5174862694351612,0.004053625945382633,23.55634799953548,0.5174862694351612,0.004053625945382633,0,1,0,扰动恢复中
rl,RL 冻结策略自整定,78.0,260.0,23.496541640834877,23.726497072378976,24.0,23.5,24.5,18.572125957337175,25.0,0.5174862694351612,0.004053625945382633,23.496541640834877,0.5174862694351612,0.004053625945382633,0,0,0,扰动恢复中
rl,RL 冻结策略自整定,78.3,261.0,23.450645110776403,23.64039999577956,24.0,23.5,24.5,13.970952068759928,25.0,0.5174862694351612,0.004053625945382633,23.450645110776403,0.5174862694351612,0.004053625945382633,0,0,0,扰动恢复中
rl,RL 冻结策略自整定,78.6,262.0,23.419550680262226,23.56276125378418,24.0,23.5,24.5,9.77601354027845,0.0,0.5174862694351612,0.004053625945382633,23.419550680262226,0.5174862694351612,0.004053625945382633,0,0,0,扰动恢复中
rl,RL 冻结策略自整定,78.9,263.0,23.403240622557064,23.51984594567771,24.0,23.5,24.5,7.360568777672391,0.0,0.5174862694351612,0.004053625945382633,23.403240622557064,0.5174862694351612,0.004053625945382633,0,0,0,扰动恢复中
rl,RL 冻结策略自整定,79.2,264.0,23.398876935260144,23.49355609917447,24.0,23.5,24.5,5.794811904947244,0.0,0.5174862694351612,0.004053625945382633,23.398876935260144,0.5174862694351612,0.004053625945382633,0,0,0,扰动恢复中
rl,RL 冻结策略自整定,79.5,265.0,23.402907852073525,23.464046164423692,24.0,23.5,24.5,4.0504576630598255,0.0,0.5174862694351612,0.004053625945382633,23.402907852073525,0.5174862694351612,0.004053625945382633,0,0,0,扰动恢复中
rl,RL 冻结策略自整定,79.80000000000001,266.0,23.427818018888132,23.45955644512179,24.0,23.5,24.5,3.599045252217725,0.0,0.5174862694351612,0.004053625945382633,23.427818018888132,0.5174862694351612,0.004053625945382633,0,0,0,扰动恢复中
rl,RL 冻结策略自整定,80.1,267.0,23.476827105936252,23.451619281308698,24.0,23.5,24.5,2.9660148921409335,0.0,0.5174862694351612,0.004053625945382633,23.476827105936252,0.5174862694351612,0.004053625945382633,0,0,0,扰动恢复中
rl,RL 冻结策略自整定,80.39999999999999,268.0,23.542607197758848,23.449671348910563,24.0,23.5,24.5,2.6421294153043062,0.0,0.5174862694351612,0.004053625945382633,23.542607197758848,0.5174862694351612,0.004053625945382633,0,1,0,扰动恢复中
rl,RL 冻结策略自整定,80.69999999999999,269.0,23.619961552726675,23.48769996705912,24.0,23.5,24.5,4.4023909185165415,0.0,0.5174862694351612,0.004053625945382633,23.619961552726675,0.5174862694351612,0.004053625945382633,0,1,0,扰动恢复中
rl,RL 冻结策略自整定,81.0,270.0,23.705205825188475,23.528071261977644,24.0,23.5,24.5,6.300247740799891,0.0,0.5174862694351612,0.004053625945382633,23.705205825188475,0.5174862694351612,0.004053625945382633,0,1,0,扰动恢复中
rl,RL 冻结策略自整定,81.3,271.0,23.795728935781252,23.576854878780534,24.0,23.5,24.5,8.653205723484358,0.0,0.5174862694351612,0.004053625945382633,23.795728935781252,0.5174862694351612,0.004053625945382633,0,1,0,扰动恢复中
rl,RL 冻结策略自整定,81.6,272.0,23.889681433248747,23.65954262591546,24.0,23.5,24.5,12.794174418280862,25.0,0.5174862694351612,0.004053625945382633,23.889681433248747,0.5174862694351612,0.004053625945382633,0,1,0,扰动恢复中
rl,RL 冻结策略自整定,81.9,273.0,23.985754333580655,23.744407395219127,24.0,23.5,24.5,17.08220202420514,25.0,0.5174862694351612,0.004053625945382633,23.985754333580655,0.5174862694351612,0.004053625945382633,0,1,0,扰动恢复中
rl,RL 冻结策略自整定,82.2,274.0,24.083022168490267,23.814048810864136,24.0,23.5,24.5,20.61067200575146,25.0,0.5174862694351612,0.004053625945382633,24.083022168490267,0.5174862694351612,0.004053625945382633,0,1,0,扰动恢复中
rl,RL 冻结策略自整定,82.5,275.0,24.180831601543485,23.89714168555902,24.0,23.5,24.5,24.86891926678973,25.0,0.5174862694351612,0.004053625945382633,24.180831601543485,0.5174862694351612,0.004053625945382633,0,1,0,扰动恢复中
rl,RL 冻结策略自整定,82.8,276.0,24.26371806942829,23.990722701654434,24.0,23.5,24.5,29.707847687978788,30.0,0.5174862694351612,0.004053625945382633,24.26371806942829,0.5174862694351612,0.004053625945382633,0,1,0,扰动恢复中
rl,RL 冻结策略自整定,83.1,277.0,24.32635141723875,24.060238336613324,24.0,23.5,24.5,33.32960471662828,33.0,0.5174862694351612,0.004053625945382633,24.32635141723875,0.5174862694351612,0.004053625945382633,0,1,0,扰动恢复中
rl,RL 冻结策略自整定,83.39999999999999,278.0,24.374566040938102,24.144834378590815,24.0,23.5,24.5,37.766044173303406,38.0,0.5174862694351612,0.004053625945382633,24.374566040938102,0.5174862694351612,0.004053625945382633,0,1,0,扰动恢复中
rl,RL 冻结策略自整定,83.7,279.0,24.41250295886969,24.207114440953163,24.0,23.5,24.5,41.072908333662575,41.0,0.5174862694351612,0.004053625945382633,24.41250295886969,0.5174862694351612,0.004053625945382633,0,1,0,扰动恢复中
rl,RL 冻结策略自整定,84.0,280.0,24.440100576098637,24.273232005421573,24.0,23.5,24.5,44.605159546380776,45.0,0.5174862694351612,0.004053625945382633,24.440100576098637,0.5174862694351612,0.004053625945382633,0,1,0,扰动恢复中
rl,RL 冻结策略自整定,84.3,281.0,24.456643407755145,24.316905212147812,24.0,23.5,24.5,46.99364954770296,47.0,0.5174862694351612,0.004053625945382633,24.456643407755145,0.5174862694351612,0.004053625945382633,0,1,0,扰动恢复中
rl,RL 冻结策略自整定,84.6,282.0,24.461223015884922,24.369983106522774,24.0,23.5,24.5,49.8903350146556,50.0,0.5174862694351612,0.004053625945382633,24.461223015884922,0.5174862694351612,0.004053625945382633,0,1,0,扰动恢复中
rl,RL 冻结策略自整定,84.9,283.0,24.45367601308938,24.373583335284312,24.0,23.5,24.5,50.228078619814866,50.0,0.5174862694351612,0.004053625945382633,24.45367601308938,0.5174862694351612,0.004053625945382633,0,1,0,扰动恢复中
rl,RL 冻结策略自整定,85.2,284.0,24.43408504561102,24.42632195660123,24.0,23.5,24.5,53.130044834296,53.0,0.5174862694351612,0.004053625945382633,24.43408504561102,0.5174862694351612,0.004053625945382633,0,1,0,扰动恢复中
rl,RL 冻结策略自整定,85.5,285.0,24.40336370680042,24.401595244947025,24.0,23.5,24.5,52.01326314780851,52.0,0.5174862694351612,0.004053625945382633,24.40336370680042,0.5174862694351612,0.004053625945382633,0,1,0,扰动恢复中
rl,RL 冻结策略自整定,85.8,286.0,24.362348042641607,24.423824498006592,24.0,23.5,24.5,53.335399069761905,53.0,0.5174862694351612,0.004053625945382633,24.362348042641607,0.5174862694351612,0.004053625945382633,0,1,0,扰动恢复中
rl,RL 冻结策略自整定,86.1,287.0,24.313075703297187,24.403179604242947,24.0,23.5,24.5,52.43048809453934,52.0,0.5174862694351612,0.004053625945382633,24.313075703297187,0.5174862694351612,0.004053625945382633,0,1,0,扰动恢复中
rl,RL 冻结策略自整定,86.39999999999999,288.0,24.256343961315967,24.36394111447307,24.0,23.5,24.5,50.54747824003303,51.0,0.5174862694351612,0.004053625945382633,24.256343961315967,0.5174862694351612,0.004053625945382633,0,1,0,扰动恢复中
rl,RL 冻结策略自整定,86.7,289.0,24.193993506877753,24.363795835537836,24.0,23.5,24.5,50.687429478386605,51.0,0.5174862694351612,0.004053625945382633,24.193993506877753,0.5174862694351612,0.004053625945382633,0,1,0,扰动恢复中
rl,RL 冻结策略自整定,87.0,290.0,24.127656241375398,24.303497206645805,24.0,23.5,24.5,47.69008464176841,48.0,0.5174862694351612,0.004053625945382633,24.127656241375398,0.5174862694351612,0.004053625945382633,0,1,0,扰动恢复中
rl,RL 冻结策略自整定,87.3,291.0,24.058929033028992,24.247056800667718,24.0,23.5,24.5,44.86951871398478,45.0,0.5174862694351612,0.004053625945382633,24.058929033028992,0.5174862694351612,0.004053625945382633,0,1,0,扰动恢复中
rl,RL 冻结策略自整定,87.60000000000001,292.0,23.989701825163138,24.167170325171096,24.0,23.5,24.5,40.80326789241892,41.0,0.5174862694351612,0.004053625945382633,23.989701825163138,0.5174862694351612,0.004053625945382633,0,1,0,扰动恢复中
rl,RL 冻结策略自整定,87.9,293.0,23.920703192340163,24.10055839172649,24.0,23.5,24.5,37.39695440918057,37.0,0.5174862694351612,0.004053625945382633,23.920703192340163,0.5174862694351612,0.004053625945382633,0,1,0,扰动恢复中
rl,RL 冻结策略自整定,88.2,294.0,23.85386382396409,24.03356111906501,24.0,23.5,24.5,33.94354196228833,34.0,0.5174862694351612,0.004053625945382633,23.85386382396409,0.5174862694351612,0.004053625945382633,0,1,0,扰动恢复中
rl,RL 冻结策略自整定,88.5,295.0,23.79167525326594,23.980968081612804,24.0,23.5,24.5,31.21420965953134,31.0,0.5174862694351612,0.004053625945382633,23.79167525326594,0.5174862694351612,0.004053625945382633,0,1,0,扰动恢复中
rl,RL 冻结策略自整定,88.8,296.0,23.736473578070544,23.92400521549984,24.0,23.5,24.5,28.235654108401697,28.000000000000004,0.5174862694351612,0.004053625945382633,23.736473578070544,0.5174862694351612,0.004053625945382633,0,1,0,扰动恢复中
rl,RL 冻结策略自整定,89.1,297.0,23.690259296000153,23.878691713871298,24.0,23.5,24.5,25.84156877551777,26.0,0.5174862694351612,0.004053625945382633,23.690259296000153,0.5174862694351612,0.004053625945382633,0,1,0,已稳定
rl,RL 冻结策略自整定,89.39999999999999,298.0,23.653810371025035,23.81368021627785,24.0,23.5,24.5,22.401785968571648,25.0,0.5174862694351612,0.004053625945382633,23.653810371025035,0.5174862694351612,0.004053625945382633,0,1,0,已稳定
rl,RL 冻结策略自整定,89.7,299.0,23.627263280626774,23.757840586057377,24.0,23.5,24.5,19.413999407300906,25.0,0.5174862694351612,0.004053625945382633,23.627263280626774,0.5174862694351612,0.004053625945382633,0,1,0,已稳定
rl,RL 冻结策略自整定,90.0,300.0,23.61068426307567,23.689107677915537,24.0,23.5,24.5,15.731141666823689,25.0,0.5174862694351612,0.004053625945382633,23.61068426307567,0.5174862694351612,0.004053625945382633,0,1,0,已稳定
